against_bug,against_dark,against_dragon,against_electric,against_fairy,against_fight,against_fire,against_flying,against_ghost,against_grass,against_ground,against_ice,against_normal,against_poison,against_psychic,against_rock,against_steel,against_water,attack,defense,hp,name,pokedex_number,sp_attack,sp_defense,speed,type1,type2
1,1,1,0.5,0.5,0.5,2,2,1,0.25,1,2,1,1,2,1,1,0.5,49,49,45,Bulbasaur,1,65,65,45,grass,poison
1,1,1,0.5,0.5,0.5,2,2,1,0.25,1,2,1,1,2,1,1,0.5,62,63,60,Ivysaur,2,80,80,60,grass,poison
1,1,1,0.5,0.5,0.5,2,2,1,0.25,1,2,1,1,2,1,1,0.5,100,123,80,Venusaur,3,122,120,80,grass,poison
0.5,1,1,1,0.5,1,0.5,1,1,0.5,2,0.5,1,1,1,2,0.5,2,52,43,39,Charmander,4,60,50,65,fire,
0.5,1,1,1,0.5,1,0.5,1,1,0.5,2,0.5,1,1,1,2,0.5,2,64,58,58,Charmeleon,5,80,65,80,fire,
0.25,1,1,2,0.5,0.5,0.5,1,1,0.25,0,1,1,1,1,4,0.5,2,104,78,78,Charizard,6,159,115,100,fire,flying
1,1,1,2,1,1,0.5,1,1,2,1,0.5,1,1,1,1,0.5,0.5,48,65,44,Squirtle,7,50,64,43,water,
1,1,1,2,1,1,0.5,1,1,2,1,0.5,1,1,1,1,0.5,0.5,63,80,59,Wartortle,8,65,80,58,water,
1,1,1,2,1,1,0.5,1,1,2,1,0.5,1,1,1,1,0.5,0.5,103,120,79,Blastoise,9,135,115,78,water,
1,1,1,1,1,0.5,2,2,1,0.5,0.5,1,1,1,1,2,1,1,30,35,45,Caterpie,10,20,20,45,bug,
1,1,1,1,1,0.5,2,2,1,0.5,0.5,1,1,1,1,2,1,1,20,55,50,Metapod,11,25,25,30,bug,
0.5,1,1,2,1,0.25,2,2,1,0.25,0,2,1,1,1,4,1,1,45,50,60,Butterfree,12,90,80,70,bug,flying
0.5,1,1,1,0.5,0.25,2,2,1,0.25,1,1,1,0.5,2,2,1,1,35,30,40,Weedle,13,20,20,50,bug,poison
0.5,1,1,1,0.5,0.25,2,2,1,0.25,1,1,1,0.5,2,2,1,1,25,50,45,Kakuna,14,25,25,35,bug,poison
0.5,1,1,1,0.5,0.25,2,2,1,0.25,1,1,1,0.5,2,2,1,1,150,40,65,Beedrill,15,15,80,145,bug,poison
0.5,1,1,2,1,1,1,1,0,0.5,0,2,1,1,1,2,1,1,45,40,40,Pidgey,16,35,35,56,normal,flying
0.5,1,1,2,1,1,1,1,0,0.5,0,2,1,1,1,2,1,1,60,55,63,Pidgeotto,17,50,50,71,normal,flying
0.5,1,1,2,1,1,1,1,0,0.5,0,2,1,1,1,2,1,1,80,80,83,Pidgeot,18,135,80,121,normal,flying
1,1,1,1,1,2,1,1,0,1,1,1,1,1,1,1,1,1,56,35,30,Rattata,19,25,35,72,normal,dark
1,1,1,1,1,2,1,1,0,1,1,1,1,1,1,1,1,1,71,70,75,Raticate,20,40,80,77,normal,dark
0.5,1,1,2,1,1,1,1,0,0.5,0,2,1,1,1,2,1,1,60,30,40,Spearow,21,31,31,70,normal,flying
0.5,1,1,2,1,1,1,1,0,0.5,0,2,1,1,1,2,1,1,90,65,65,Fearow,22,61,61,100,normal,flying
0.5,1,1,1,0.5,0.5,1,1,1,0.5,2,1,1,0.5,2,1,1,1,60,44,35,Ekans,23,40,54,55,poison,
0.5,1,1,1,0.5,0.5,1,1,1,0.5,2,1,1,0.5,2,1,1,1,95,69,60,Arbok,24,65,79,80,poison,
1,1,1,0.5,1,1,1,0.5,1,1,2,1,1,1,1,1,0.5,1,55,40,35,Pikachu,25,50,50,90,electric,
1,1,1,0.5,1,1,1,0.5,1,1,2,1,1,1,1,1,0.5,1,85,50,60,Raichu,26,95,85,110,electric,electric
1,1,1,0,1,1,1,1,1,2,1,2,1,0.5,1,0.5,1,2,75,90,50,Sandshrew,27,10,35,40,ground,ice
1,1,1,0,1,1,1,1,1,2,1,2,1,0.5,1,0.5,1,2,100,120,75,Sandslash,28,25,65,65,ground,ice
0.5,1,1,1,0.5,0.5,1,1,1,0.5,2,1,1,0.5,2,1,1,1,47,52,55,Nidoran♀,29,40,40,41,poison,
0.5,1,1,1,0.5,0.5,1,1,1,0.5,2,1,1,0.5,2,1,1,1,62,67,70,Nidorina,30,55,55,56,poison,
0.5,1,1,0,0.5,0.5,1,1,1,1,2,2,1,0.25,2,0.5,1,2,92,87,90,Nidoqueen,31,75,85,76,poison,ground
0.5,1,1,1,0.5,0.5,1,1,1,0.5,2,1,1,0.5,2,1,1,1,57,40,46,Nidoran♂,32,40,40,50,poison,
0.5,1,1,1,0.5,0.5,1,1,1,0.5,2,1,1,0.5,2,1,1,1,72,57,61,Nidorino,33,55,55,65,poison,
0.5,1,1,0,0.5,0.5,1,1,1,1,2,2,1,0.25,2,0.5,1,2,102,77,81,Nidoking,34,85,75,85,poison,ground
0.5,0.5,0,1,1,0.5,1,1,1,1,1,1,1,2,1,1,2,1,45,48,70,Clefairy,35,60,65,35,fairy,
0.5,0.5,0,1,1,0.5,1,1,1,1,1,1,1,2,1,1,2,1,70,73,95,Clefable,36,95,90,60,fairy,
0.5,1,1,1,0.5,1,0.5,1,1,0.5,2,0.5,1,1,1,2,0.5,2,41,40,38,Vulpix,37,50,65,65,fire,ice
0.5,1,1,1,0.5,1,0.5,1,1,0.5,2,0.5,1,1,1,2,0.5,2,67,75,73,Ninetales,38,81,100,109,fire,ice
0.5,0.5,0,1,1,1,1,1,0,1,1,1,1,2,1,1,2,1,45,20,115,Jigglypuff,39,45,25,20,normal,fairy
0.5,0.5,0,1,1,1,1,1,0,1,1,1,1,2,1,1,2,1,70,45,140,Wigglytuff,40,85,50,45,normal,fairy
0.25,1,1,2,0.5,0.25,1,1,1,0.25,0,2,1,0.5,2,2,1,1,45,35,40,Zubat,41,30,40,55,poison,flying
0.25,1,1,2,0.5,0.25,1,1,1,0.25,0,2,1,0.5,2,2,1,1,80,70,75,Golbat,42,65,75,90,poison,flying
1,1,1,0.5,0.5,0.5,2,2,1,0.25,1,2,1,1,2,1,1,0.5,50,55,45,Oddish,43,75,65,30,grass,poison
1,1,1,0.5,0.5,0.5,2,2,1,0.25,1,2,1,1,2,1,1,0.5,65,70,60,Gloom,44,85,75,40,grass,poison
1,1,1,0.5,0.5,0.5,2,2,1,0.25,1,2,1,1,2,1,1,0.5,80,85,75,Vileplume,45,110,90,50,grass,poison
2,1,1,0.5,1,0.5,4,4,1,0.25,0.25,2,1,2,1,2,1,0.5,70,55,35,Paras,46,45,55,25,bug,grass
2,1,1,0.5,1,0.5,4,4,1,0.25,0.25,2,1,2,1,2,1,0.5,95,80,60,Parasect,47,60,80,30,bug,grass
0.5,1,1,1,0.5,0.25,2,2,1,0.25,1,1,1,0.5,2,2,1,1,55,50,60,Venonat,48,40,55,45,bug,poison
0.5,1,1,1,0.5,0.25,2,2,1,0.25,1,1,1,0.5,2,2,1,1,65,60,70,Venomoth,49,90,75,90,bug,poison
1,1,1,0,1,1,1,1,1,2,1,2,1,0.5,1,0.5,1,2,55,30,10,Diglett,50,35,45,90,ground,ground
1,1,1,0,1,1,1,1,1,2,1,2,1,0.5,1,0.5,1,2,100,60,35,Dugtrio,51,50,70,110,ground,ground
1,1,1,1,1,2,1,1,0,1,1,1,1,1,1,1,1,1,35,35,40,Meowth,52,50,40,90,normal,dark
1,1,1,1,1,2,1,1,0,1,1,1,1,1,1,1,1,1,60,60,65,Persian,53,75,65,115,normal,dark
1,1,1,2,1,1,0.5,1,1,2,1,0.5,1,1,1,1,0.5,0.5,52,48,50,Psyduck,54,65,50,55,water,
1,1,1,2,1,1,0.5,1,1,2,1,0.5,1,1,1,1,0.5,0.5,82,78,80,Golduck,55,95,80,85,water,
0.5,0.5,1,1,2,1,1,2,1,1,1,1,1,1,2,0.5,1,1,80,35,40,Mankey,56,35,45,70,fighting,
0.5,0.5,1,1,2,1,1,2,1,1,1,1,1,1,2,0.5,1,1,105,60,65,Primeape,57,60,70,95,fighting,
0.5,1,1,1,0.5,1,0.5,1,1,0.5,2,0.5,1,1,1,2,0.5,2,70,45,55,Growlithe,58,70,50,60,fire,
0.5,1,1,1,0.5,1,0.5,1,1,0.5,2,0.5,1,1,1,2,0.5,2,110,80,90,Arcanine,59,100,80,95,fire,
1,1,1,2,1,1,0.5,1,1,2,1,0.5,1,1,1,1,0.5,0.5,50,40,40,Poliwag,60,40,40,90,water,
1,1,1,2,1,1,0.5,1,1,2,1,0.5,1,1,1,1,0.5,0.5,65,65,65,Poliwhirl,61,50,50,90,water,
0.5,0.5,1,2,2,1,0.5,2,1,2,1,0.5,1,1,2,0.5,0.5,0.5,95,95,90,Poliwrath,62,70,90,70,water,fighting
2,2,1,1,1,0.5,1,1,2,1,1,1,1,1,0.5,1,1,1,20,15,25,Abra,63,105,55,90,psychic,
2,2,1,1,1,0.5,1,1,2,1,1,1,1,1,0.5,1,1,1,35,30,40,Kadabra,64,120,70,105,psychic,
2,2,1,1,1,0.5,1,1,2,1,1,1,1,1,0.5,1,1,1,50,65,55,Alakazam,65,175,105,150,psychic,
0.5,0.5,1,1,2,1,1,2,1,1,1,1,1,1,2,0.5,1,1,80,50,70,Machop,66,35,35,35,fighting,
0.5,0.5,1,1,2,1,1,2,1,1,1,1,1,1,2,0.5,1,1,100,70,80,Machoke,67,50,60,45,fighting,
0.5,0.5,1,1,2,1,1,2,1,1,1,1,1,1,2,0.5,1,1,130,80,90,Machamp,68,65,85,55,fighting,
1,1,1,0.5,0.5,0.5,2,2,1,0.25,1,2,1,1,2,1,1,0.5,75,35,50,Bellsprout,69,70,30,40,grass,poison
1,1,1,0.5,0.5,0.5,2,2,1,0.25,1,2,1,1,2,1,1,0.5,90,50,65,Weepinbell,70,85,45,55,grass,poison
1,1,1,0.5,0.5,0.5,2,2,1,0.25,1,2,1,1,2,1,1,0.5,105,65,80,Victreebel,71,100,70,70,grass,poison
0.5,1,1,2,0.5,0.5,0.5,1,1,1,2,0.5,1,0.5,2,1,0.5,0.5,40,35,40,Tentacool,72,50,100,70,water,poison
0.5,1,1,2,0.5,0.5,0.5,1,1,1,2,0.5,1,0.5,2,1,0.5,0.5,70,65,80,Tentacruel,73,80,120,100,water,poison
1,1,1,0,1,2,0.5,0.5,1,4,2,2,0.5,0.25,1,0.5,2,4,80,100,40,Geodude,74,30,30,20,rock,ground
1,1,1,0,1,2,0.5,0.5,1,4,2,2,0.5,0.25,1,0.5,2,4,95,115,55,Graveler,75,45,45,35,rock,ground
1,1,1,0,1,2,0.5,0.5,1,4,2,2,0.5,0.25,1,0.5,2,4,120,130,80,Golem,76,55,65,45,rock,ground
0.5,1,1,1,0.5,1,0.5,1,1,0.5,2,0.5,1,1,1,2,0.5,2,85,55,50,Ponyta,77,65,65,90,fire,
0.5,1,1,1,0.5,1,0.5,1,1,0.5,2,0.5,1,1,1,2,0.5,2,100,70,65,Rapidash,78,80,80,105,fire,
2,2,1,2,1,0.5,0.5,1,2,2,1,0.5,1,1,0.5,1,0.5,0.5,65,65,90,Slowpoke,79,40,40,15,water,psychic
2,2,1,2,1,0.5,0.5,1,2,2,1,0.5,1,1,0.5,1,0.5,0.5,75,180,95,Slowbro,80,130,80,30,water,psychic
0.5,1,0.5,0.5,0.5,2,2,0.25,1,0.5,4,0.5,0.5,0,0.5,0.5,0.25,1,35,70,25,Magnemite,81,95,55,45,electric,steel
0.5,1,0.5,0.5,0.5,2,2,0.25,1,0.5,4,0.5,0.5,0,0.5,0.5,0.25,1,60,95,50,Magneton,82,120,70,70,electric,steel
0.5,1,1,2,1,1,1,1,0,0.5,0,2,1,1,1,2,1,1,90,55,52,Farfetch'd,83,58,62,60,normal,flying
0.5,1,1,2,1,1,1,1,0,0.5,0,2,1,1,1,2,1,1,85,45,35,Doduo,84,35,35,75,normal,flying
0.5,1,1,2,1,1,1,1,0,0.5,0,2,1,1,1,2,1,1,110,70,60,Dodrio,85,60,60,110,normal,flying
1,1,1,2,1,1,0.5,1,1,2,1,0.5,1,1,1,1,0.5,0.5,45,55,65,Seel,86,45,70,45,water,
1,1,1,2,1,2,1,1,1,2,1,0.25,1,1,1,2,1,0.5,70,80,90,Dewgong,87,70,95,70,water,ice
0.5,1,1,1,0.5,0.5,1,1,1,0.5,2,1,1,0.5,2,1,1,1,80,50,80,Grimer,88,40,50,25,poison,poison
0.5,1,1,1,0.5,0.5,1,1,1,0.5,2,1,1,0.5,2,1,1,1,105,75,105,Muk,89,65,100,50,poison,poison
1,1,1,2,1,1,0.5,1,1,2,1,0.5,1,1,1,1,0.5,0.5,65,100,30,Shellder,90,45,25,40,water,
1,1,1,2,1,2,1,1,1,2,1,0.25,1,1,1,2,1,0.5,95,180,50,Cloyster,91,85,45,70,water,ice
0.25,2,1,1,0.5,0,1,1,2,0.5,2,1,0,0.25,2,1,1,1,35,30,30,Gastly,92,100,35,80,ghost,poison
0.25,2,1,1,0.5,0,1,1,2,0.5,2,1,0,0.25,2,1,1,1,50,45,45,Haunter,93,115,55,95,ghost,poison
0.25,2,1,1,0.5,0,1,1,2,0.5,2,1,0,0.25,2,1,1,1,65,80,60,Gengar,94,170,95,130,ghost,poison
1,1,1,0,1,2,0.5,0.5,1,4,2,2,0.5,0.25,1,0.5,2,4,45,160,35,Onix,95,30,45,70,rock,ground
2,2,1,1,1,0.5,1,1,2,1,1,1,1,1,0.5,1,1,1,48,45,60,Drowzee,96,43,90,42,psychic,
2,2,1,1,1,0.5,1,1,2,1,1,1,1,1,0.5,1,1,1,73,70,85,Hypno,97,73,115,67,psychic,
1,1,1,2,1,1,0.5,1,1,2,1,0.5,1,1,1,1,0.5,0.5,105,90,30,Krabby,98,25,25,50,water,
1,1,1,2,1,1,0.5,1,1,2,1,0.5,1,1,1,1,0.5,0.5,130,115,55,Kingler,99,50,50,75,water,
1,1,1,0.5,1,1,1,0.5,1,1,2,1,1,1,1,1,0.5,1,30,50,40,Voltorb,100,55,55,100,electric,
1,1,1,0.5,1,1,1,0.5,1,1,2,1,1,1,1,1,0.5,1,50,70,60,Electrode,101,80,80,150,electric,
4,2,1,0.5,1,0.5,2,2,2,0.5,0.5,2,1,2,0.5,1,1,0.5,40,80,60,Exeggcute,102,60,45,40,grass,psychic
4,2,1,0.5,1,0.5,2,2,2,0.5,0.5,2,1,2,0.5,1,1,0.5,105,85,95,Exeggutor,103,125,75,45,grass,psychic
1,1,1,0,1,1,1,1,1,2,1,2,1,0.5,1,0.5,1,2,50,95,50,Cubone,104,40,50,35,ground,
1,1,1,0,1,1,1,1,1,2,1,2,1,0.5,1,0.5,1,2,80,110,60,Marowak,105,50,80,45,ground,fire
0.5,0.5,1,1,2,1,1,2,1,1,1,1,1,1,2,0.5,1,1,120,53,50,Hitmonlee,106,35,110,87,fighting,
0.5,0.5,1,1,2,1,1,2,1,1,1,1,1,1,2,0.5,1,1,105,79,50,Hitmonchan,107,35,110,76,fighting,
1,1,1,1,1,2,1,1,0,1,1,1,1,1,1,1,1,1,55,75,90,Lickitung,108,60,75,30,normal,
0.5,1,1,1,0.5,0.5,1,1,1,0.5,2,1,1,0.5,2,1,1,1,65,95,40,Koffing,109,60,45,35,poison,
0.5,1,1,1,0.5,0.5,1,1,1,0.5,2,1,1,0.5,2,1,1,1,90,120,65,Weezing,110,85,70,60,poison,
1,1,1,0,1,2,0.5,0.5,1,4,2,2,0.5,0.25,1,0.5,2,4,85,95,80,Rhyhorn,111,30,30,25,ground,rock
1,1,1,0,1,2,0.5,0.5,1,4,2,2,0.5,0.25,1,0.5,2,4,130,120,105,Rhydon,112,45,45,40,ground,rock
1,1,1,1,1,2,1,1,0,1,1,1,1,1,1,1,1,1,5,5,250,Chansey,113,35,105,50,normal,
2,1,1,0.5,1,1,2,2,1,0.5,0.5,2,1,2,1,1,1,0.5,55,115,65,Tangela,114,100,40,60,grass,
1,1,1,1,1,2,1,1,0,1,1,1,1,1,1,1,1,1,125,100,105,Kangaskhan,115,60,100,100,normal,
1,1,1,2,1,1,0.5,1,1,2,1,0.5,1,1,1,1,0.5,0.5,40,70,30,Horsea,116,70,25,60,water,
1,1,1,2,1,1,0.5,1,1,2,1,0.5,1,1,1,1,0.5,0.5,65,95,55,Seadra,117,95,45,85,water,
1,1,1,2,1,1,0.5,1,1,2,1,0.5,1,1,1,1,0.5,0.5,67,60,45,Goldeen,118,35,50,63,water,
1,1,1,2,1,1,0.5,1,1,2,1,0.5,1,1,1,1,0.5,0.5,92,65,80,Seaking,119,65,80,68,water,
1,1,1,2,1,1,0.5,1,1,2,1,0.5,1,1,1,1,0.5,0.5,45,55,30,Staryu,120,70,55,85,water,
2,2,1,2,1,0.5,0.5,1,2,2,1,0.5,1,1,0.5,1,0.5,0.5,75,85,60,Starmie,121,100,85,115,water,psychic
1,1,0,1,1,0.25,1,1,2,1,1,1,1,2,0.5,1,2,1,45,65,40,Mr. Mime,122,100,120,90,psychic,fairy
0.5,1,1,2,1,0.25,2,2,1,0.25,0,2,1,1,1,4,1,1,110,80,70,Scyther,123,55,80,105,bug,flying
2,2,1,1,1,1,2,1,2,1,1,0.5,1,1,0.5,2,2,1,50,35,65,Jynx,124,115,95,95,ice,psychic
1,1,1,0.5,1,1,1,0.5,1,1,2,1,1,1,1,1,0.5,1,83,57,65,Electabuzz,125,95,85,105,electric,
0.5,1,1,1,0.5,1,0.5,1,1,0.5,2,0.5,1,1,1,2,0.5,2,95,57,65,Magmar,126,100,85,93,fire,
1,1,1,1,1,0.5,2,2,1,0.5,0.5,1,1,1,1,2,1,1,155,120,65,Pinsir,127,65,90,105,bug,
1,1,1,1,1,2,1,1,0,1,1,1,1,1,1,1,1,1,100,95,75,Tauros,128,40,70,110,normal,
1,1,1,2,1,1,0.5,1,1,2,1,0.5,1,1,1,1,0.5,0.5,10,55,20,Magikarp,129,15,20,80,water,
0.5,1,1,4,1,0.5,0.5,1,1,1,0,1,1,1,1,2,0.5,0.5,155,109,95,Gyarados,130,70,130,81,water,flying
1,1,1,2,1,2,1,1,1,2,1,0.25,1,1,1,2,1,0.5,85,80,130,Lapras,131,85,95,60,water,ice
1,1,1,1,1,2,1,1,0,1,1,1,1,1,1,1,1,1,48,48,48,Ditto,132,48,48,48,normal,
1,1,1,1,1,2,1,1,0,1,1,1,1,1,1,1,1,1,55,50,55,Eevee,133,45,65,55,normal,
1,1,1,2,1,1,0.5,1,1,2,1,0.5,1,1,1,1,0.5,0.5,65,60,130,Vaporeon,134,110,95,65,water,
1,1,1,0.5,1,1,1,0.5,1,1,2,1,1,1,1,1,0.5,1,65,60,65,Jolteon,135,110,95,130,electric,
0.5,1,1,1,0.5,1,0.5,1,1,0.5,2,0.5,1,1,1,2,0.5,2,130,60,65,Flareon,136,95,110,65,fire,
1,1,1,1,1,2,1,1,0,1,1,1,1,1,1,1,1,1,60,70,65,Porygon,137,85,75,40,normal,
1,1,1,2,1,2,0.25,0.5,1,4,2,0.5,0.5,0.5,1,1,1,1,40,100,35,Omanyte,138,90,55,35,rock,water
1,1,1,2,1,2,0.25,0.5,1,4,2,0.5,0.5,0.5,1,1,1,1,60,125,70,Omastar,139,115,70,55,rock,water
1,1,1,2,1,2,0.25,0.5,1,4,2,0.5,0.5,0.5,1,1,1,1,80,90,30,Kabuto,140,55,45,55,rock,water
1,1,1,2,1,2,0.25,0.5,1,4,2,0.5,0.5,0.5,1,1,1,1,115,105,60,Kabutops,141,65,70,80,rock,water
0.5,1,1,2,1,1,0.5,0.5,1,1,0,2,0.5,0.5,1,2,2,2,135,85,80,Aerodactyl,142,70,95,150,rock,flying
1,1,1,1,1,2,1,1,0,1,1,1,1,1,1,1,1,1,110,65,160,Snorlax,143,65,110,30,normal,
0.5,1,1,2,1,1,2,1,1,0.5,0,1,1,1,1,4,2,1,85,100,90,Articuno,144,95,125,85,ice,flying
0.5,1,1,1,1,0.5,1,0.5,1,0.5,0,2,1,1,1,2,0.5,1,90,85,90,Zapdos,145,125,90,100,electric,flying
0.25,1,1,2,0.5,0.5,0.5,1,1,0.25,0,1,1,1,1,4,0.5,2,100,90,90,Moltres,146,125,85,90,fire,flying
1,1,2,0.5,2,1,0.5,1,1,0.5,1,2,1,1,1,1,1,0.5,64,45,41,Dratini,147,50,50,50,dragon,
1,1,2,0.5,2,1,0.5,1,1,0.5,1,2,1,1,1,1,1,0.5,84,65,61,Dragonair,148,70,70,70,dragon,
0.5,1,2,1,2,0.5,0.5,1,1,0.25,0,4,1,1,1,2,1,0.5,134,95,91,Dragonite,149,100,100,80,dragon,flying
2,2,1,1,1,0.5,1,1,2,1,1,1,1,1,0.5,1,1,1,150,70,106,Mewtwo,150,194,120,140,psychic,
2,2,1,1,1,0.5,1,1,2,1,1,1,1,1,0.5,1,1,1,100,100,100,Mew,151,100,100,100,psychic,
2,1,1,0.5,1,1,2,2,1,0.5,0.5,2,1,2,1,1,1,0.5,49,65,45,Chikorita,152,49,65,45,grass,
2,1,1,0.5,1,1,2,2,1,0.5,0.5,2,1,2,1,1,1,0.5,62,80,60,Bayleef,153,63,80,60,grass,
2,1,1,0.5,1,1,2,2,1,0.5,0.5,2,1,2,1,1,1,0.5,82,100,80,Meganium,154,83,100,80,grass,
0.5,1,1,1,0.5,1,0.5,1,1,0.5,2,0.5,1,1,1,2,0.5,2,52,43,39,Cyndaquil,155,60,50,65,fire,
0.5,1,1,1,0.5,1,0.5,1,1,0.5,2,0.5,1,1,1,2,0.5,2,64,58,58,Quilava,156,80,65,80,fire,
0.5,1,1,1,0.5,1,0.5,1,1,0.5,2,0.5,1,1,1,2,0.5,2,84,78,78,Typhlosion,157,109,85,100,fire,
1,1,1,2,1,1,0.5,1,1,2,1,0.5,1,1,1,1,0.5,0.5,65,64,50,Totodile,158,44,48,43,water,
1,1,1,2,1,1,0.5,1,1,2,1,0.5,1,1,1,1,0.5,0.5,80,80,65,Croconaw,159,59,63,58,water,
1,1,1,2,1,1,0.5,1,1,2,1,0.5,1,1,1,1,0.5,0.5,105,100,85,Feraligatr,160,79,83,78,water,
1,1,1,1,1,2,1,1,0,1,1,1,1,1,1,1,1,1,46,34,35,Sentret,161,35,45,20,normal,
1,1,1,1,1,2,1,1,0,1,1,1,1,1,1,1,1,1,76,64,85,Furret,162,45,55,90,normal,
0.5,1,1,2,1,1,1,1,0,0.5,0,2,1,1,1,2,1,1,30,30,60,Hoothoot,163,36,56,50,normal,flying
0.5,1,1,2,1,1,1,1,0,0.5,0,2,1,1,1,2,1,1,50,50,100,Noctowl,164,86,96,70,normal,flying
0.5,1,1,2,1,0.25,2,2,1,0.25,0,2,1,1,1,4,1,1,20,30,40,Ledyba,165,40,80,55,bug,flying
0.5,1,1,2,1,0.25,2,2,1,0.25,0,2,1,1,1,4,1,1,35,50,55,Ledian,166,55,110,85,bug,flying
0.5,1,1,1,0.5,0.25,2,2,1,0.25,1,1,1,0.5,2,2,1,1,60,40,40,Spinarak,167,40,40,30,bug,poison
0.5,1,1,1,0.5,0.25,2,2,1,0.25,1,1,1,0.5,2,2,1,1,90,70,70,Ariados,168,60,70,40,bug,poison
0.25,1,1,2,0.5,0.25,1,1,1,0.25,0,2,1,0.5,2,2,1,1,90,80,85,Crobat,169,70,80,130,poison,flying
1,1,1,1,1,1,0.5,0.5,1,2,2,0.5,1,1,1,1,0.25,0.5,38,38,75,Chinchou,170,56,56,67,water,electric
1,1,1,1,1,1,0.5,0.5,1,2,2,0.5,1,1,1,1,0.25,0.5,58,58,125,Lanturn,171,76,76,67,water,electric
1,1,1,0.5,1,1,1,0.5,1,1,2,1,1,1,1,1,0.5,1,40,15,20,Pichu,172,35,35,60,electric,
0.5,0.5,0,1,1,0.5,1,1,1,1,1,1,1,2,1,1,2,1,25,28,50,Cleffa,173,45,55,15,fairy,
0.5,0.5,0,1,1,1,1,1,0,1,1,1,1,2,1,1,2,1,30,15,90,Igglybuff,174,40,20,15,normal,fairy
0.5,0.5,0,1,1,0.5,1,1,1,1,1,1,1,2,1,1,2,1,20,65,35,Togepi,175,40,65,20,fairy,
0.25,0.5,0,2,1,0.25,1,1,1,0.5,0,2,1,2,1,2,2,1,40,85,55,Togetic,176,80,105,40,fairy,flying
1,2,1,2,1,0.25,1,1,2,0.5,0,2,1,1,0.5,2,1,1,50,45,40,Natu,177,70,45,70,psychic,flying
1,2,1,2,1,0.25,1,1,2,0.5,0,2,1,1,0.5,2,1,1,75,70,65,Xatu,178,95,70,95,psychic,flying
1,1,1,0.5,1,1,1,0.5,1,1,2,1,1,1,1,1,0.5,1,40,40,55,Mareep,179,65,45,35,electric,
1,1,1,0.5,1,1,1,0.5,1,1,2,1,1,1,1,1,0.5,1,55,55,70,Flaaffy,180,80,60,45,electric,
1,1,1,0.5,1,1,1,0.5,1,1,2,1,1,1,1,1,0.5,1,95,105,90,Ampharos,181,165,110,45,electric,
2,1,1,0.5,1,1,2,2,1,0.5,0.5,2,1,2,1,1,1,0.5,80,95,75,Bellossom,182,90,100,50,grass,
0.5,0.5,0,2,1,0.5,0.5,1,1,2,1,0.5,1,2,1,1,1,0.5,20,50,70,Marill,183,20,50,40,water,fairy
0.5,0.5,0,2,1,0.5,0.5,1,1,2,1,0.5,1,2,1,1,1,0.5,50,80,100,Azumarill,184,60,80,50,water,fairy
1,1,1,1,1,2,0.5,0.5,1,2,2,1,0.5,0.5,1,1,2,2,100,115,70,Sudowoodo,185,30,65,30,rock,
1,1,1,2,1,1,0.5,1,1,2,1,0.5,1,1,1,1,0.5,0.5,75,75,90,Politoed,186,90,100,70,water,
1,1,1,1,1,0.5,2,2,1,0.25,0,4,1,2,1,2,1,0.5,35,40,35,Hoppip,187,35,55,50,grass,flying
1,1,1,1,1,0.5,2,2,1,0.25,0,4,1,2,1,2,1,0.5,45,50,55,Skiploom,188,45,65,80,grass,flying
1,1,1,1,1,0.5,2,2,1,0.25,0,4,1,2,1,2,1,0.5,55,70,75,Jumpluff,189,55,95,110,grass,flying
1,1,1,1,1,2,1,1,0,1,1,1,1,1,1,1,1,1,70,55,55,Aipom,190,40,55,85,normal,
2,1,1,0.5,1,1,2,2,1,0.5,0.5,2,1,2,1,1,1,0.5,30,30,30,Sunkern,191,30,30,30,grass,
2,1,1,0.5,1,1,2,2,1,0.5,0.5,2,1,2,1,1,1,0.5,75,55,75,Sunflora,192,105,85,30,grass,
0.5,1,1,2,1,0.25,2,2,1,0.25,0,2,1,1,1,4,1,1,65,45,65,Yanma,193,75,45,95,bug,flying
1,1,1,0,1,1,0.5,1,1,4,1,1,1,0.5,1,0.5,0.5,1,45,45,55,Wooper,194,25,25,15,water,ground
1,1,1,0,1,1,0.5,1,1,4,1,1,1,0.5,1,0.5,0.5,1,85,85,95,Quagsire,195,65,65,35,water,ground
2,2,1,1,1,0.5,1,1,2,1,1,1,1,1,0.5,1,1,1,65,60,65,Espeon,196,130,95,110,psychic,
2,0.5,1,1,2,2,1,1,0.5,1,1,1,1,1,0,1,1,1,65,110,95,Umbreon,197,60,130,65,dark,
1,0.5,1,2,2,1,1,1,0.5,0.5,0,2,1,1,0,2,1,1,85,42,60,Murkrow,198,85,42,91,dark,flying
2,2,1,2,1,0.5,0.5,1,2,2,1,0.5,1,1,0.5,1,0.5,0.5,75,80,95,Slowking,199,100,110,30,water,psychic
0.5,2,1,1,1,0,1,1,2,1,1,1,0,0.5,1,1,1,1,60,60,60,Misdreavus,200,85,85,85,ghost,
2,2,1,1,1,0.5,1,1,2,1,1,1,1,1,0.5,1,1,1,72,48,48,Unown,201,72,48,48,psychic,
2,2,1,1,1,0.5,1,1,2,1,1,1,1,1,0.5,1,1,1,33,58,190,Wobbuffet,202,33,58,33,psychic,
2,2,1,1,1,1,1,1,0,1,1,1,1,1,0.5,1,1,1,80,65,70,Girafarig,203,90,65,85,normal,psychic
1,1,1,1,1,0.5,2,2,1,0.5,0.5,1,1,1,1,2,1,1,65,90,50,Pineco,204,35,35,15,bug,
0.5,1,0.5,1,0.5,1,4,1,1,0.25,1,0.5,0.5,0,0.5,1,0.5,1,90,140,75,Forretress,205,60,60,40,bug,steel
1,1,1,1,1,2,1,1,0,1,1,1,1,1,1,1,1,1,70,70,100,Dunsparce,206,65,65,45,normal,
0.5,1,1,0,1,0.5,1,1,1,1,0,4,1,0.5,1,1,1,2,75,105,65,Gligar,207,35,65,85,ground,flying
0.5,1,0.5,0,0.5,2,2,0.5,1,1,2,1,0.5,0,0.5,0.25,0.5,2,125,230,75,Steelix,208,55,95,30,steel,ground
0.5,0.5,0,1,1,0.5,1,1,1,1,1,1,1,2,1,1,2,1,80,50,60,Snubbull,209,40,40,30,fairy,
0.5,0.5,0,1,1,0.5,1,1,1,1,1,1,1,2,1,1,2,1,120,75,90,Granbull,210,60,60,45,fairy,
0.5,1,1,2,0.5,0.5,0.5,1,1,1,2,0.5,1,0.5,2,1,0.5,0.5,95,85,65,Qwilfish,211,55,55,85,water,poison
0.5,1,0.5,1,0.5,1,4,1,1,0.25,1,0.5,0.5,0,0.5,1,0.5,1,150,140,70,Scizor,212,65,100,75,bug,steel
1,1,1,1,1,1,1,1,1,1,1,1,0.5,0.5,1,2,2,2,10,230,20,Shuckle,213,10,230,5,bug,rock
0.5,0.5,1,1,2,0.5,2,4,1,0.5,0.5,1,1,1,2,1,1,1,185,115,80,Heracross,214,40,105,75,bug,fighting
2,0.5,1,1,2,4,2,1,0.5,1,1,0.5,1,1,0,2,2,1,95,55,55,Sneasel,215,35,75,115,dark,ice
1,1,1,1,1,2,1,1,0,1,1,1,1,1,1,1,1,1,80,50,60,Teddiursa,216,50,50,40,normal,
1,1,1,1,1,2,1,1,0,1,1,1,1,1,1,1,1,1,130,75,90,Ursaring,217,75,75,55,normal,
0.5,1,1,1,0.5,1,0.5,1,1,0.5,2,0.5,1,1,1,2,0.5,2,40,40,40,Slugma,218,70,40,20,fire,
0.5,1,1,1,0.5,2,0.25,0.5,1,1,4,0.5,0.5,0.5,1,2,1,4,50,120,60,Magcargo,219,90,80,30,fire,rock
1,1,1,0,1,2,2,1,1,2,1,1,1,0.5,1,1,2,2,50,40,50,Swinub,220,30,30,50,ice,ground
1,1,1,0,1,2,2,1,1,2,1,1,1,0.5,1,1,2,2,100,80,100,Piloswine,221,60,60,50,ice,ground
1,1,1,2,1,2,0.25,0.5,1,4,2,0.5,0.5,0.5,1,1,1,1,55,95,65,Corsola,222,65,95,35,water,rock
1,1,1,2,1,1,0.5,1,1,2,1,0.5,1,1,1,1,0.5,0.5,65,35,35,Remoraid,223,65,35,65,water,
1,1,1,2,1,1,0.5,1,1,2,1,0.5,1,1,1,1,0.5,0.5,105,75,75,Octillery,224,105,75,45,water,
0.5,1,1,2,1,1,2,1,1,0.5,0,1,1,1,1,4,2,1,55,45,45,Delibird,225,65,45,75,ice,flying
0.5,1,1,4,1,0.5,0.5,1,1,1,0,1,1,1,1,2,0.5,0.5,40,70,85,Mantine,226,80,140,70,water,flying
0.25,1,0.5,2,0.5,1,2,0.5,1,0.25,0,1,0.5,0,0.5,1,0.5,1,80,140,65,Skarmory,227,40,70,70,steel,flying
1,0.5,1,1,1,2,0.5,1,0.5,0.5,2,0.5,1,1,0,2,0.5,2,60,30,45,Houndour,228,80,50,65,dark,fire
1,0.5,1,1,1,2,0.5,1,0.5,0.5,2,0.5,1,1,0,2,0.5,2,90,90,75,Houndoom,229,140,90,115,dark,fire
1,1,2,1,2,1,0.25,1,1,1,1,1,1,1,1,1,0.5,0.25,95,95,75,Kingdra,230,95,95,85,water,dragon
1,1,1,0,1,1,1,1,1,2,1,2,1,0.5,1,0.5,1,2,60,60,90,Phanpy,231,40,40,40,ground,
1,1,1,0,1,1,1,1,1,2,1,2,1,0.5,1,0.5,1,2,120,120,90,Donphan,232,60,60,50,ground,
1,1,1,1,1,2,1,1,0,1,1,1,1,1,1,1,1,1,80,90,85,Porygon2,233,105,95,60,normal,
1,1,1,1,1,2,1,1,0,1,1,1,1,1,1,1,1,1,95,62,73,Stantler,234,85,65,85,normal,
1,1,1,1,1,2,1,1,0,1,1,1,1,1,1,1,1,1,20,35,55,Smeargle,235,20,45,75,normal,
0.5,0.5,1,1,2,1,1,2,1,1,1,1,1,1,2,0.5,1,1,35,35,35,Tyrogue,236,35,35,35,fighting,
0.5,0.5,1,1,2,1,1,2,1,1,1,1,1,1,2,0.5,1,1,95,95,50,Hitmontop,237,35,110,70,fighting,
2,2,1,1,1,1,2,1,2,1,1,0.5,1,1,0.5,2,2,1,30,15,45,Smoochum,238,85,65,65,ice,psychic
1,1,1,0.5,1,1,1,0.5,1,1,2,1,1,1,1,1,0.5,1,63,37,45,Elekid,239,65,55,95,electric,
0.5,1,1,1,0.5,1,0.5,1,1,0.5,2,0.5,1,1,1,2,0.5,2,75,37,45,Magby,240,70,55,83,fire,
1,1,1,1,1,2,1,1,0,1,1,1,1,1,1,1,1,1,80,105,95,Miltank,241,40,70,100,normal,
1,1,1,1,1,2,1,1,0,1,1,1,1,1,1,1,1,1,10,10,255,Blissey,242,75,135,55,normal,
1,1,1,0.5,1,1,1,0.5,1,1,2,1,1,1,1,1,0.5,1,85,75,90,Raikou,243,115,100,115,electric,
0.5,1,1,1,0.5,1,0.5,1,1,0.5,2,0.5,1,1,1,2,0.5,2,115,85,115,Entei,244,90,75,100,fire,
1,1,1,2,1,1,0.5,1,1,2,1,0.5,1,1,1,1,0.5,0.5,75,115,100,Suicune,245,90,115,85,water,
1,1,1,0,1,2,0.5,0.5,1,4,2,2,0.5,0.25,1,0.5,2,4,64,50,50,Larvitar,246,45,50,41,rock,ground
1,1,1,0,1,2,0.5,0.5,1,4,2,2,0.5,0.25,1,0.5,2,4,84,70,70,Pupitar,247,65,70,51,rock,ground
2,0.5,1,1,2,4,0.5,0.5,0.5,2,2,1,0.5,0.5,0,1,2,2,164,150,100,Tyranitar,248,95,120,71,rock,dark
1,2,1,2,1,0.25,1,1,2,0.5,0,2,1,1,0.5,2,1,1,90,130,106,Lugia,249,90,154,110,psychic,flying
0.25,1,1,2,0.5,0.5,0.5,1,1,0.25,0,1,1,1,1,4,0.5,2,130,90,106,Ho-Oh,250,110,154,90,fire,flying
4,2,1,0.5,1,0.5,2,2,2,0.5,0.5,2,1,2,0.5,1,1,0.5,100,100,100,Celebi,251,100,100,100,psychic,grass
2,1,1,0.5,1,1,2,2,1,0.5,0.5,2,1,2,1,1,1,0.5,45,35,40,Treecko,252,65,55,70,grass,
2,1,1,0.5,1,1,2,2,1,0.5,0.5,2,1,2,1,1,1,0.5,65,45,50,Grovyle,253,85,65,95,grass,
2,1,1,0.5,1,1,2,2,1,0.5,0.5,2,1,2,1,1,1,0.5,110,75,70,Sceptile,254,145,85,145,grass,
0.5,1,1,1,0.5,1,0.5,1,1,0.5,2,0.5,1,1,1,2,0.5,2,60,40,45,Torchic,255,70,50,45,fire,
0.25,0.5,1,1,1,1,0.5,2,1,0.5,2,0.5,1,1,2,1,0.5,2,85,60,60,Combusken,256,85,60,55,fire,fighting
0.25,0.5,1,1,1,1,0.5,2,1,0.5,2,0.5,1,1,2,1,0.5,2,160,80,80,Blaziken,257,130,80,100,fire,fighting
1,1,1,2,1,1,0.5,1,1,2,1,0.5,1,1,1,1,0.5,0.5,70,50,50,Mudkip,258,50,50,40,water,
1,1,1,0,1,1,0.5,1,1,4,1,1,1,0.5,1,0.5,0.5,1,85,70,70,Marshtomp,259,60,70,50,water,ground
1,1,1,0,1,1,0.5,1,1,4,1,1,1,0.5,1,0.5,0.5,1,150,110,100,Swampert,260,95,110,70,water,ground
2,0.5,1,1,2,2,1,1,0.5,1,1,1,1,1,0,1,1,1,55,35,35,Poochyena,261,30,30,35,dark,
2,0.5,1,1,2,2,1,1,0.5,1,1,1,1,1,0,1,1,1,90,70,70,Mightyena,262,60,60,70,dark,
1,1,1,1,1,2,1,1,0,1,1,1,1,1,1,1,1,1,30,41,38,Zigzagoon,263,30,41,60,normal,
1,1,1,1,1,2,1,1,0,1,1,1,1,1,1,1,1,1,70,61,78,Linoone,264,50,61,100,normal,
1,1,1,1,1,0.5,2,2,1,0.5,0.5,1,1,1,1,2,1,1,45,35,45,Wurmple,265,20,30,20,bug,
1,1,1,1,1,0.5,2,2,1,0.5,0.5,1,1,1,1,2,1,1,35,55,50,Silcoon,266,25,25,15,bug,
0.5,1,1,2,1,0.25,2,2,1,0.25,0,2,1,1,1,4,1,1,70,50,60,Beautifly,267,100,50,65,bug,flying
1,1,1,1,1,0.5,2,2,1,0.5,0.5,1,1,1,1,2,1,1,35,55,50,Cascoon,268,25,25,15,bug,
0.5,1,1,1,0.5,0.25,2,2,1,0.25,1,1,1,0.5,2,2,1,1,50,70,60,Dustox,269,50,90,65,bug,poison
2,1,1,1,1,1,1,2,1,1,0.5,1,1,2,1,1,0.5,0.25,30,30,40,Lotad,270,40,50,30,water,grass
2,1,1,1,1,1,1,2,1,1,0.5,1,1,2,1,1,0.5,0.25,50,50,60,Lombre,271,60,70,50,water,grass
2,1,1,1,1,1,1,2,1,1,0.5,1,1,2,1,1,0.5,0.25,70,70,80,Ludicolo,272,90,100,70,water,grass
2,1,1,0.5,1,1,2,2,1,0.5,0.5,2,1,2,1,1,1,0.5,40,50,40,Seedot,273,30,30,30,grass,
4,0.5,1,0.5,2,2,2,2,0.5,0.5,0.5,2,1,2,0,1,1,0.5,70,40,70,Nuzleaf,274,60,40,60,grass,dark
4,0.5,1,0.5,2,2,2,2,0.5,0.5,0.5,2,1,2,0,1,1,0.5,100,60,90,Shiftry,275,90,60,80,grass,dark
0.5,1,1,2,1,1,1,1,0,0.5,0,2,1,1,1,2,1,1,55,30,40,Taillow,276,30,30,85,normal,flying
0.5,1,1,2,1,1,1,1,0,0.5,0,2,1,1,1,2,1,1,85,60,60,Swellow,277,75,50,125,normal,flying
0.5,1,1,4,1,0.5,0.5,1,1,1,0,1,1,1,1,2,0.5,0.5,30,30,40,Wingull,278,55,30,85,water,flying
0.5,1,1,4,1,0.5,0.5,1,1,1,0,1,1,1,1,2,0.5,0.5,50,100,60,Pelipper,279,95,70,65,water,flying
1,1,0,1,1,0.25,1,1,2,1,1,1,1,2,0.5,1,2,1,25,25,28,Ralts,280,45,35,40,psychic,fairy
1,1,0,1,1,0.25,1,1,2,1,1,1,1,2,0.5,1,2,1,35,35,38,Kirlia,281,65,55,50,psychic,fairy
1,1,0,1,1,0.25,1,1,2,1,1,1,1,2,0.5,1,2,1,85,65,68,Gardevoir,282,165,135,100,psychic,fairy
1,1,1,2,1,0.5,1,2,1,1,0.5,0.5,1,1,1,2,0.5,0.5,30,32,40,Surskit,283,50,52,65,bug,water
0.5,1,1,2,1,0.25,2,2,1,0.25,0,2,1,1,1,4,1,1,60,62,70,Masquerain,284,100,82,80,bug,flying
2,1,1,0.5,1,1,2,2,1,0.5,0.5,2,1,2,1,1,1,0.5,40,60,60,Shroomish,285,40,60,35,grass,
1,0.5,1,0.5,2,1,2,4,1,0.5,0.5,2,1,2,2,0.5,1,0.5,130,80,60,Breloom,286,60,60,70,grass,fighting
1,1,1,1,1,2,1,1,0,1,1,1,1,1,1,1,1,1,60,60,60,Slakoth,287,35,35,30,normal,
1,1,1,1,1,2,1,1,0,1,1,1,1,1,1,1,1,1,80,80,80,Vigoroth,288,55,55,90,normal,
1,1,1,1,1,2,1,1,0,1,1,1,1,1,1,1,1,1,160,100,150,Slaking,289,95,65,100,normal,
1,1,1,0,1,0.5,2,2,1,1,0.5,2,1,0.5,1,1,1,2,45,90,31,Nincada,290,30,30,40,bug,ground
0.5,1,1,2,1,0.25,2,2,1,0.25,0,2,1,1,1,4,1,1,90,45,61,Ninjask,291,50,50,160,bug,flying
0.5,2,1,1,1,0,2,2,2,0.5,0.5,1,0,0.5,1,2,1,1,90,45,1,Shedinja,292,30,30,40,bug,ghost
1,1,1,1,1,2,1,1,0,1,1,1,1,1,1,1,1,1,51,23,64,Whismur,293,51,23,28,normal,
1,1,1,1,1,2,1,1,0,1,1,1,1,1,1,1,1,1,71,43,84,Loudred,294,71,43,48,normal,
1,1,1,1,1,2,1,1,0,1,1,1,1,1,1,1,1,1,91,63,104,Exploud,295,91,73,68,normal,
0.5,0.5,1,1,2,1,1,2,1,1,1,1,1,1,2,0.5,1,1,60,30,72,Makuhita,296,20,30,25,fighting,
0.5,0.5,1,1,2,1,1,2,1,1,1,1,1,1,2,0.5,1,1,120,60,144,Hariyama,297,40,60,50,fighting,
0.5,0.5,0,1,1,1,1,1,0,1,1,1,1,2,1,1,2,1,20,40,50,Azurill,298,20,40,20,normal,fairy
1,1,1,1,1,2,0.5,0.5,1,2,2,1,0.5,0.5,1,1,2,2,45,135,30,Nosepass,299,45,90,30,rock,
1,1,1,1,1,2,1,1,0,1,1,1,1,1,1,1,1,1,45,45,50,Skitty,300,35,35,50,normal,
1,1,1,1,1,2,1,1,0,1,1,1,1,1,1,1,1,1,65,65,70,Delcatty,301,55,55,90,normal,
1,1,1,1,2,0,1,1,1,1,1,1,0,0.5,0,1,1,1,85,125,50,Sableye,302,85,115,20,dark,ghost
0.25,0.5,0,1,0.5,1,2,0.5,1,0.5,2,0.5,0.5,0,0.5,0.5,1,1,105,125,50,Mawile,303,55,95,50,steel,fairy
0.5,1,0.5,1,0.5,4,1,0.25,1,1,4,0.5,0.25,0,0.5,0.5,1,2,70,100,50,Aron,304,40,40,30,steel,rock
0.5,1,0.5,1,0.5,4,1,0.25,1,1,4,0.5,0.25,0,0.5,0.5,1,2,90,140,60,Lairon,305,50,50,40,steel,rock
0.5,1,0.5,1,0.5,4,1,0.25,1,1,4,0.5,0.25,0,0.5,0.5,1,2,140,230,70,Aggron,306,60,80,50,steel,rock
1,1,1,1,2,0.5,1,2,2,1,1,1,1,1,1,0.5,1,1,40,55,30,Meditite,307,40,55,60,fighting,psychic
1,1,1,1,2,0.5,1,2,2,1,1,1,1,1,1,0.5,1,1,100,85,60,Medicham,308,80,85,100,fighting,psychic
1,1,1,0.5,1,1,1,0.5,1,1,2,1,1,1,1,1,0.5,1,45,40,40,Electrike,309,65,40,65,electric,
1,1,1,0.5,1,1,1,0.5,1,1,2,1,1,1,1,1,0.5,1,75,80,70,Manectric,310,135,80,135,electric,
1,1,1,0.5,1,1,1,0.5,1,1,2,1,1,1,1,1,0.5,1,50,40,60,Plusle,311,85,75,95,electric,
1,1,1,0.5,1,1,1,0.5,1,1,2,1,1,1,1,1,0.5,1,40,50,60,Minun,312,75,85,95,electric,
1,1,1,1,1,0.5,2,2,1,0.5,0.5,1,1,1,1,2,1,1,73,75,65,Volbeat,313,47,85,85,bug,
1,1,1,1,1,0.5,2,2,1,0.5,0.5,1,1,1,1,2,1,1,47,75,65,Illumise,314,73,85,85,bug,
1,1,1,0.5,0.5,0.5,2,2,1,0.25,1,2,1,1,2,1,1,0.5,60,45,50,Roselia,315,100,80,65,grass,poison
0.5,1,1,1,0.5,0.5,1,1,1,0.5,2,1,1,0.5,2,1,1,1,43,53,70,Gulpin,316,43,53,40,poison,
0.5,1,1,1,0.5,0.5,1,1,1,0.5,2,1,1,0.5,2,1,1,1,73,83,100,Swalot,317,73,83,55,poison,
2,0.5,1,2,2,2,0.5,1,0.5,2,1,0.5,1,1,0,1,0.5,0.5,90,20,45,Carvanha,318,65,20,65,water,dark
2,0.5,1,2,2,2,0.5,1,0.5,2,1,0.5,1,1,0,1,0.5,0.5,140,70,70,Sharpedo,319,110,65,105,water,dark
1,1,1,2,1,1,0.5,1,1,2,1,0.5,1,1,1,1,0.5,0.5,70,35,130,Wailmer,320,70,35,60,water,
1,1,1,2,1,1,0.5,1,1,2,1,0.5,1,1,1,1,0.5,0.5,90,45,170,Wailord,321,90,45,60,water,
0.5,1,1,0,0.5,1,0.5,1,1,1,2,1,1,0.5,1,1,0.5,4,60,40,60,Numel,322,65,45,35,fire,ground
0.5,1,1,0,0.5,1,0.5,1,1,1,2,1,1,0.5,1,1,0.5,4,120,100,70,Camerupt,323,145,105,20,fire,ground
0.5,1,1,1,0.5,1,0.5,1,1,0.5,2,0.5,1,1,1,2,0.5,2,85,140,70,Torkoal,324,85,70,20,fire,
2,2,1,1,1,0.5,1,1,2,1,1,1,1,1,0.5,1,1,1,25,35,60,Spoink,325,70,80,60,psychic,
2,2,1,1,1,0.5,1,1,2,1,1,1,1,1,0.5,1,1,1,45,65,80,Grumpig,326,90,110,80,psychic,
1,1,1,1,1,2,1,1,0,1,1,1,1,1,1,1,1,1,60,60,60,Spinda,327,60,60,60,normal,
1,1,1,0,1,1,1,1,1,2,1,2,1,0.5,1,0.5,1,2,100,45,45,Trapinch,328,45,45,10,ground,
1,1,2,0,2,1,0.5,1,1,1,1,4,1,0.5,1,0.5,1,1,70,50,50,Vibrava,329,50,50,70,ground,dragon
1,1,2,0,2,1,0.5,1,1,1,1,4,1,0.5,1,0.5,1,1,100,80,80,Flygon,330,80,80,100,ground,dragon
2,1,1,0.5,1,1,2,2,1,0.5,0.5,2,1,2,1,1,1,0.5,85,40,50,Cacnea,331,85,40,35,grass,
4,0.5,1,0.5,2,2,2,2,0.5,0.5,0.5,2,1,2,0,1,1,0.5,115,60,70,Cacturne,332,115,60,55,grass,dark
0.5,1,1,2,1,1,1,1,0,0.5,0,2,1,1,1,2,1,1,40,60,45,Swablu,333,40,75,50,normal,flying
0.5,1,2,1,2,0.5,0.5,1,1,0.25,0,4,1,1,1,2,1,0.5,110,110,75,Altaria,334,110,105,80,dragon,flying
1,1,1,1,1,2,1,1,0,1,1,1,1,1,1,1,1,1,115,60,73,Zangoose,335,60,60,90,normal,
0.5,1,1,1,0.5,0.5,1,1,1,0.5,2,1,1,0.5,2,1,1,1,100,60,73,Seviper,336,100,60,65,poison,
2,2,1,1,1,1,0.5,0.5,2,2,2,1,0.5,0.5,0.5,1,2,2,55,65,90,Lunatone,337,95,85,70,rock,psychic
2,2,1,1,1,1,0.5,0.5,2,2,2,1,0.5,0.5,0.5,1,2,2,95,85,90,Solrock,338,55,65,70,rock,psychic
1,1,1,0,1,1,0.5,1,1,4,1,1,1,0.5,1,0.5,0.5,1,48,43,50,Barboach,339,46,41,60,water,ground
1,1,1,0,1,1,0.5,1,1,4,1,1,1,0.5,1,0.5,0.5,1,78,73,110,Whiscash,340,76,71,60,water,ground
1,1,1,2,1,1,0.5,1,1,2,1,0.5,1,1,1,1,0.5,0.5,80,65,43,Corphish,341,50,35,35,water,
2,0.5,1,2,2,2,0.5,1,0.5,2,1,0.5,1,1,0,1,0.5,0.5,120,85,63,Crawdaunt,342,90,55,55,water,dark
2,2,1,0,1,0.5,1,1,2,2,1,2,1,0.5,0.5,0.5,1,2,40,55,40,Baltoy,343,40,70,55,ground,psychic
2,2,1,0,1,0.5,1,1,2,2,1,2,1,0.5,0.5,0.5,1,2,70,105,60,Claydol,344,70,120,75,ground,psychic
2,1,1,0.5,1,2,1,1,1,1,1,2,0.5,1,1,1,2,1,41,77,66,Lileep,345,61,87,23,rock,grass
2,1,1,0.5,1,2,1,1,1,1,1,2,0.5,1,1,1,2,1,81,97,86,Cradily,346,81,107,43,rock,grass
1,1,1,1,1,1,1,1,1,1,1,1,0.5,0.5,1,2,2,2,95,50,45,Anorith,347,40,50,75,rock,bug
1,1,1,1,1,1,1,1,1,1,1,1,0.5,0.5,1,2,2,2,125,100,75,Armaldo,348,70,80,45,rock,bug
1,1,1,2,1,1,0.5,1,1,2,1,0.5,1,1,1,1,0.5,0.5,15,20,20,Feebas,349,10,55,80,water,
1,1,1,2,1,1,0.5,1,1,2,1,0.5,1,1,1,1,0.5,0.5,60,79,95,Milotic,350,100,125,81,water,
1,1,1,1,1,2,1,1,0,1,1,1,1,1,1,1,1,1,70,70,70,Castform,351,70,70,70,normal,
1,1,1,1,1,2,1,1,0,1,1,1,1,1,1,1,1,1,90,70,60,Kecleon,352,60,120,40,normal,
0.5,2,1,1,1,0,1,1,2,1,1,1,0,0.5,1,1,1,1,75,35,44,Shuppet,353,63,33,45,ghost,
0.5,2,1,1,1,0,1,1,2,1,1,1,0,0.5,1,1,1,1,165,75,64,Banette,354,93,83,75,ghost,
0.5,2,1,1,1,0,1,1,2,1,1,1,0,0.5,1,1,1,1,40,90,20,Duskull,355,30,90,25,ghost,
0.5,2,1,1,1,0,1,1,2,1,1,1,0,0.5,1,1,1,1,70,130,40,Dusclops,356,60,130,25,ghost,
1,1,1,1,1,0.5,2,2,1,0.25,0,4,1,2,1,2,1,0.5,68,83,99,Tropius,357,72,87,51,grass,flying
2,2,1,1,1,0.5,1,1,2,1,1,1,1,1,0.5,1,1,1,50,80,75,Chimecho,358,95,90,65,psychic,
2,0.5,1,1,2,2,1,1,0.5,1,1,1,1,1,0,1,1,1,150,60,65,Absol,359,115,60,115,dark,
2,2,1,1,1,0.5,1,1,2,1,1,1,1,1,0.5,1,1,1,23,48,95,Wynaut,360,23,48,23,psychic,
1,1,1,1,1,2,2,1,1,1,1,0.5,1,1,1,2,2,1,50,50,50,Snorunt,361,50,50,50,ice,
1,1,1,1,1,2,2,1,1,1,1,0.5,1,1,1,2,2,1,120,80,80,Glalie,362,120,80,100,ice,
1,1,1,2,1,2,1,1,1,2,1,0.25,1,1,1,2,1,0.5,40,50,70,Spheal,363,55,50,25,ice,water
1,1,1,2,1,2,1,1,1,2,1,0.25,1,1,1,2,1,0.5,60,70,90,Sealeo,364,75,70,45,ice,water
1,1,1,2,1,2,1,1,1,2,1,0.25,1,1,1,2,1,0.5,80,90,110,Walrein,365,95,90,65,ice,water
1,1,1,2,1,1,0.5,1,1,2,1,0.5,1,1,1,1,0.5,0.5,64,85,35,Clamperl,366,74,55,32,water,
1,1,1,2,1,1,0.5,1,1,2,1,0.5,1,1,1,1,0.5,0.5,104,105,55,Huntail,367,94,75,52,water,
1,1,1,2,1,1,0.5,1,1,2,1,0.5,1,1,1,1,0.5,0.5,84,105,55,Gorebyss,368,114,75,52,water,
1,1,1,2,1,2,0.25,0.5,1,4,2,0.5,0.5,0.5,1,1,1,1,90,130,100,Relicanth,369,45,65,55,water,rock
1,1,1,2,1,1,0.5,1,1,2,1,0.5,1,1,1,1,0.5,0.5,30,55,43,Luvdisc,370,40,65,97,water,
1,1,2,0.5,2,1,0.5,1,1,0.5,1,2,1,1,1,1,1,0.5,75,60,45,Bagon,371,40,30,50,dragon,
1,1,2,0.5,2,1,0.5,1,1,0.5,1,2,1,1,1,1,1,0.5,95,100,65,Shelgon,372,60,50,50,dragon,
0.5,1,2,1,2,0.5,0.5,1,1,0.25,0,4,1,1,1,2,1,0.5,145,130,95,Salamence,373,120,90,120,dragon,flying
1,2,0.5,1,0.5,1,2,0.5,2,0.5,2,0.5,0.5,0,0.25,0.5,0.5,1,55,80,40,Beldum,374,35,60,30,steel,psychic
1,2,0.5,1,0.5,1,2,0.5,2,0.5,2,0.5,0.5,0,0.25,0.5,0.5,1,75,100,60,Metang,375,55,80,50,steel,psychic
1,2,0.5,1,0.5,1,2,0.5,2,0.5,2,0.5,0.5,0,0.25,0.5,0.5,1,145,150,80,Metagross,376,105,110,110,steel,psychic
1,1,1,1,1,2,0.5,0.5,1,2,2,1,0.5,0.5,1,1,2,2,100,200,80,Regirock,377,50,100,50,rock,
1,1,1,1,1,2,2,1,1,1,1,0.5,1,1,1,2,2,1,50,100,80,Regice,378,100,200,50,ice,
0.5,1,0.5,1,0.5,2,2,0.5,1,0.5,2,0.5,0.5,0,0.5,0.5,0.5,1,75,150,80,Registeel,379,75,150,50,steel,
2,2,2,0.5,2,0.5,0.5,1,2,0.5,1,2,1,1,0.5,1,1,0.5,100,120,80,Latias,380,140,150,110,dragon,psychic
2,2,2,0.5,2,0.5,0.5,1,2,0.5,1,2,1,1,0.5,1,1,0.5,130,100,80,Latios,381,160,120,110,dragon,psychic
1,1,1,2,1,1,0.5,1,1,2,1,0.5,1,1,1,1,0.5,0.5,150,90,100,Kyogre,382,180,160,90,water,
1,1,1,0,1,1,1,1,1,2,1,2,1,0.5,1,0.5,1,2,180,160,100,Groudon,383,150,90,90,ground,
0.5,1,2,1,2,0.5,0.5,1,1,0.25,0,4,1,1,1,2,1,0.5,180,100,105,Rayquaza,384,180,100,115,dragon,flying
1,2,0.5,1,0.5,1,2,0.5,2,0.5,2,0.5,0.5,0,0.25,0.5,0.5,1,100,100,100,Jirachi,385,100,100,100,steel,psychic
2,2,1,1,1,0.5,1,1,2,1,1,1,1,1,0.5,1,1,1,95,90,50,Deoxys,386,95,90,180,psychic,
2,1,1,0.5,1,1,2,2,1,0.5,0.5,2,1,2,1,1,1,0.5,68,64,55,Turtwig,387,45,55,31,grass,
2,1,1,0.5,1,1,2,2,1,0.5,0.5,2,1,2,1,1,1,0.5,89,85,75,Grotle,388,55,65,36,grass,
2,1,1,0,1,1,2,2,1,1,0.5,4,1,1,1,0.5,1,1,109,105,95,Torterra,389,75,85,56,grass,ground
0.5,1,1,1,0.5,1,0.5,1,1,0.5,2,0.5,1,1,1,2,0.5,2,58,44,44,Chimchar,390,58,44,61,fire,
0.25,0.5,1,1,1,1,0.5,2,1,0.5,2,0.5,1,1,2,1,0.5,2,78,52,64,Monferno,391,78,52,81,fire,fighting
0.25,0.5,1,1,1,1,0.5,2,1,0.5,2,0.5,1,1,2,1,0.5,2,104,71,76,Infernape,392,104,71,108,fire,fighting
1,1,1,2,1,1,0.5,1,1,2,1,0.5,1,1,1,1,0.5,0.5,51,53,53,Piplup,393,61,56,40,water,
1,1,1,2,1,1,0.5,1,1,2,1,0.5,1,1,1,1,0.5,0.5,66,68,64,Prinplup,394,81,76,50,water,
0.5,1,0.5,2,0.5,2,1,0.5,1,1,2,0.25,0.5,0,0.5,0.5,0.25,0.5,86,88,84,Empoleon,395,111,101,60,water,steel
0.5,1,1,2,1,1,1,1,0,0.5,0,2,1,1,1,2,1,1,55,30,40,Starly,396,30,30,60,normal,flying
0.5,1,1,2,1,1,1,1,0,0.5,0,2,1,1,1,2,1,1,75,50,55,Staravia,397,40,40,80,normal,flying
0.5,1,1,2,1,1,1,1,0,0.5,0,2,1,1,1,2,1,1,120,70,85,Staraptor,398,50,60,100,normal,flying
1,1,1,1,1,2,1,1,0,1,1,1,1,1,1,1,1,1,45,40,59,Bidoof,399,35,40,31,normal,
1,1,1,2,1,2,0.5,1,0,2,1,0.5,1,1,1,1,0.5,0.5,85,60,79,Bibarel,400,55,60,71,normal,water
1,1,1,1,1,0.5,2,2,1,0.5,0.5,1,1,1,1,2,1,1,25,41,37,Kricketot,401,25,41,25,bug,
1,1,1,1,1,0.5,2,2,1,0.5,0.5,1,1,1,1,2,1,1,85,51,77,Kricketune,402,55,51,65,bug,
1,1,1,0.5,1,1,1,0.5,1,1,2,1,1,1,1,1,0.5,1,65,34,45,Shinx,403,40,34,45,electric,
1,1,1,0.5,1,1,1,0.5,1,1,2,1,1,1,1,1,0.5,1,85,49,60,Luxio,404,60,49,60,electric,
1,1,1,0.5,1,1,1,0.5,1,1,2,1,1,1,1,1,0.5,1,120,79,80,Luxray,405,95,79,70,electric,
1,1,1,0.5,0.5,0.5,2,2,1,0.25,1,2,1,1,2,1,1,0.5,30,35,40,Budew,406,50,70,55,grass,poison
1,1,1,0.5,0.5,0.5,2,2,1,0.25,1,2,1,1,2,1,1,0.5,70,65,60,Roserade,407,125,105,90,grass,poison
1,1,1,1,1,2,0.5,0.5,1,2,2,1,0.5,0.5,1,1,2,2,125,40,67,Cranidos,408,30,30,58,rock,
1,1,1,1,1,2,0.5,0.5,1,2,2,1,0.5,0.5,1,1,2,2,165,60,97,Rampardos,409,65,50,58,rock,
0.5,1,0.5,1,0.5,4,1,0.25,1,1,4,0.5,0.25,0,0.5,0.5,1,2,42,118,30,Shieldon,410,42,88,30,rock,steel
0.5,1,0.5,1,0.5,4,1,0.25,1,1,4,0.5,0.25,0,0.5,0.5,1,2,52,168,60,Bastiodon,411,47,138,30,rock,steel
1,1,1,1,1,0.5,2,2,1,0.5,0.5,1,1,1,1,2,1,1,29,45,40,Burmy,412,29,45,36,bug,
2,1,1,0.5,1,0.5,4,4,1,0.25,0.25,2,1,2,1,2,1,0.5,69,95,60,Wormadam,413,69,95,36,bug,grass
0.5,1,1,2,1,0.25,2,2,1,0.25,0,2,1,1,1,4,1,1,94,50,70,Mothim,414,94,50,66,bug,flying
0.5,1,1,2,1,0.25,2,2,1,0.25,0,2,1,1,1,4,1,1,30,42,30,Combee,415,30,42,70,bug,flying
0.5,1,1,2,1,0.25,2,2,1,0.25,0,2,1,1,1,4,1,1,80,102,70,Vespiquen,416,80,102,40,bug,flying
1,1,1,0.5,1,1,1,0.5,1,1,2,1,1,1,1,1,0.5,1,45,70,60,Pachirisu,417,45,90,95,electric,
1,1,1,2,1,1,0.5,1,1,2,1,0.5,1,1,1,1,0.5,0.5,65,35,55,Buizel,418,60,30,85,water,
1,1,1,2,1,1,0.5,1,1,2,1,0.5,1,1,1,1,0.5,0.5,105,55,85,Floatzel,419,85,50,115,water,
2,1,1,0.5,1,1,2,2,1,0.5,0.5,2,1,2,1,1,1,0.5,35,45,45,Cherubi,420,62,53,35,grass,
2,1,1,0.5,1,1,2,2,1,0.5,0.5,2,1,2,1,1,1,0.5,60,70,70,Cherrim,421,87,78,85,grass,
1,1,1,2,1,1,0.5,1,1,2,1,0.5,1,1,1,1,0.5,0.5,48,48,76,Shellos,422,57,62,34,water,
1,1,1,0,1,1,0.5,1,1,4,1,1,1,0.5,1,0.5,0.5,1,83,68,111,Gastrodon,423,92,82,39,water,ground
1,1,1,1,1,2,1,1,0,1,1,1,1,1,1,1,1,1,100,66,75,Ambipom,424,60,66,115,normal,
0.25,2,1,2,1,0,1,1,2,0.5,0,2,0,0.5,1,2,1,1,50,34,90,Drifloon,425,60,44,70,ghost,flying
0.25,2,1,2,1,0,1,1,2,0.5,0,2,0,0.5,1,2,1,1,80,44,150,Drifblim,426,90,54,80,ghost,flying
1,1,1,1,1,2,1,1,0,1,1,1,1,1,1,1,1,1,66,44,55,Buneary,427,44,56,85,normal,
1,1,1,1,1,2,1,1,0,1,1,1,1,1,1,1,1,1,136,94,65,Lopunny,428,54,96,135,normal,
0.5,2,1,1,1,0,1,1,2,1,1,1,0,0.5,1,1,1,1,60,60,60,Mismagius,429,105,105,105,ghost,
1,0.5,1,2,2,1,1,1,0.5,0.5,0,2,1,1,0,2,1,1,125,52,100,Honchkrow,430,105,52,71,dark,flying
1,1,1,1,1,2,1,1,0,1,1,1,1,1,1,1,1,1,55,42,49,Glameow,431,42,37,85,normal,
1,1,1,1,1,2,1,1,0,1,1,1,1,1,1,1,1,1,82,64,71,Purugly,432,64,59,112,normal,
2,2,1,1,1,0.5,1,1,2,1,1,1,1,1,0.5,1,1,1,30,50,45,Chingling,433,65,50,45,psychic,
1,0.5,1,1,1,1,1,1,0.5,0.5,2,1,1,0.5,0,1,1,1,63,47,63,Stunky,434,41,41,74,poison,dark
1,0.5,1,1,1,1,1,1,0.5,0.5,2,1,1,0.5,0,1,1,1,93,67,103,Skuntank,435,71,61,84,poison,dark
1,2,0.5,1,0.5,1,2,0.5,2,0.5,2,0.5,0.5,0,0.25,0.5,0.5,1,24,86,57,Bronzor,436,24,86,23,steel,psychic
1,2,0.5,1,0.5,1,2,0.5,2,0.5,2,0.5,0.5,0,0.25,0.5,0.5,1,89,116,67,Bronzong,437,79,116,33,steel,psychic
1,1,1,1,1,2,0.5,0.5,1,2,2,1,0.5,0.5,1,1,2,2,80,95,50,Bonsly,438,10,45,10,rock,
1,1,0,1,1,0.25,1,1,2,1,1,1,1,2,0.5,1,2,1,25,45,20,Mime Jr.,439,70,90,60,psychic,fairy
1,1,1,1,1,2,1,1,0,1,1,1,1,1,1,1,1,1,5,5,100,Happiny,440,15,65,30,normal,
0.5,1,1,2,1,1,1,1,0,0.5,0,2,1,1,1,2,1,1,65,45,76,Chatot,441,92,42,91,normal,flying
1,1,1,1,2,0,1,1,1,1,1,1,0,0.5,0,1,1,1,92,108,50,Spiritomb,442,92,108,35,ghost,dark
1,1,2,0,2,1,0.5,1,1,1,1,4,1,0.5,1,0.5,1,1,70,45,58,Gible,443,40,45,42,dragon,ground
1,1,2,0,2,1,0.5,1,1,1,1,4,1,0.5,1,0.5,1,1,90,65,68,Gabite,444,50,55,82,dragon,ground
1,1,2,0,2,1,0.5,1,1,1,1,4,1,0.5,1,0.5,1,1,170,115,108,Garchomp,445,120,95,92,dragon,ground
1,1,1,1,1,2,1,1,0,1,1,1,1,1,1,1,1,1,85,40,135,Munchlax,446,40,85,5,normal,
0.5,0.5,1,1,2,1,1,2,1,1,1,1,1,1,2,0.5,1,1,70,40,40,Riolu,447,35,40,60,fighting,
0.25,0.5,0.5,1,1,2,2,1,1,0.5,2,0.5,0.5,0,1,0.25,0.5,1,145,88,70,Lucario,448,140,70,112,fighting,steel
1,1,1,0,1,1,1,1,1,2,1,2,1,0.5,1,0.5,1,2,72,78,68,Hippopotas,449,38,42,32,ground,
1,1,1,0,1,1,1,1,1,2,1,2,1,0.5,1,0.5,1,2,112,118,108,Hippowdon,450,68,72,47,ground,
0.5,1,1,1,0.5,0.25,2,2,1,0.25,1,1,1,0.5,2,2,1,1,50,90,40,Skorupi,451,30,55,65,poison,bug
1,0.5,1,1,1,1,1,1,0.5,0.5,2,1,1,0.5,0,1,1,1,90,110,70,Drapion,452,60,75,95,poison,dark
0.25,0.5,1,1,1,0.5,1,2,1,0.5,2,1,1,0.5,4,0.5,1,1,61,40,48,Croagunk,453,61,40,50,poison,fighting
0.25,0.5,1,1,1,0.5,1,2,1,0.5,2,1,1,0.5,4,0.5,1,1,106,65,83,Toxicroak,454,86,65,85,poison,fighting
2,1,1,0.5,1,1,2,2,1,0.5,0.5,2,1,2,1,1,1,0.5,100,72,74,Carnivine,455,90,72,46,grass,
1,1,1,2,1,1,0.5,1,1,2,1,0.5,1,1,1,1,0.5,0.5,49,56,49,Finneon,456,49,61,66,water,
1,1,1,2,1,1,0.5,1,1,2,1,0.5,1,1,1,1,0.5,0.5,69,76,69,Lumineon,457,69,86,91,water,
0.5,1,1,4,1,0.5,0.5,1,1,1,0,1,1,1,1,2,0.5,0.5,20,50,45,Mantyke,458,60,120,50,water,flying
2,1,1,0.5,1,2,4,2,1,0.5,0.5,1,1,2,1,2,2,0.5,62,50,60,Snover,459,62,60,40,grass,ice
2,1,1,0.5,1,2,4,2,1,0.5,0.5,1,1,2,1,2,2,0.5,132,105,90,Abomasnow,460,132,105,30,grass,ice
2,0.5,1,1,2,4,2,1,0.5,1,1,0.5,1,1,0,2,2,1,120,65,70,Weavile,461,45,85,125,dark,ice
0.5,1,0.5,0.5,0.5,2,2,0.25,1,0.5,4,0.5,0.5,0,0.5,0.5,0.25,1,70,115,70,Magnezone,462,130,90,60,electric,steel
1,1,1,1,1,2,1,1,0,1,1,1,1,1,1,1,1,1,85,95,110,Lickilicky,463,80,95,50,normal,
1,1,1,0,1,2,0.5,0.5,1,4,2,2,0.5,0.25,1,0.5,2,4,140,130,115,Rhyperior,464,55,55,40,ground,rock
2,1,1,0.5,1,1,2,2,1,0.5,0.5,2,1,2,1,1,1,0.5,100,125,100,Tangrowth,465,110,50,50,grass,
1,1,1,0.5,1,1,1,0.5,1,1,2,1,1,1,1,1,0.5,1,123,67,75,Electivire,466,95,85,95,electric,
0.5,1,1,1,0.5,1,0.5,1,1,0.5,2,0.5,1,1,1,2,0.5,2,95,67,75,Magmortar,467,125,95,83,fire,
0.25,0.5,0,2,1,0.25,1,1,1,0.5,0,2,1,2,1,2,2,1,50,95,85,Togekiss,468,120,115,80,fairy,flying
0.5,1,1,2,1,0.25,2,2,1,0.25,0,2,1,1,1,4,1,1,76,86,86,Yanmega,469,116,56,95,bug,flying
2,1,1,0.5,1,1,2,2,1,0.5,0.5,2,1,2,1,1,1,0.5,110,130,65,Leafeon,470,60,65,95,grass,
1,1,1,1,1,2,2,1,1,1,1,0.5,1,1,1,2,2,1,60,110,65,Glaceon,471,130,95,65,ice,
0.5,1,1,0,1,0.5,1,1,1,1,0,4,1,0.5,1,1,1,2,95,125,75,Gliscor,472,45,75,95,ground,flying
1,1,1,0,1,2,2,1,1,2,1,1,1,0.5,1,1,2,2,130,80,110,Mamoswine,473,70,60,80,ice,ground
1,1,1,1,1,2,1,1,0,1,1,1,1,1,1,1,1,1,80,70,85,Porygon-Z,474,135,75,90,normal,
1,1,1,1,2,0.5,1,2,2,1,1,1,1,1,1,0.5,1,1,165,95,68,Gallade,475,65,115,110,psychic,fighting
0.5,1,0.5,1,0.5,4,1,0.25,1,1,4,0.5,0.25,0,0.5,0.5,1,2,55,145,60,Probopass,476,75,150,40,rock,steel
0.5,2,1,1,1,0,1,1,2,1,1,1,0,0.5,1,1,1,1,100,135,45,Dusknoir,477,65,135,45,ghost,
0.5,2,1,1,1,0,2,1,2,1,1,0.5,0,0.5,1,2,2,1,80,70,70,Froslass,478,80,70,110,ice,ghost
0.5,2,1,0.5,1,0,1,0.5,2,1,2,1,0,0.5,1,1,0.5,1,65,107,50,Rotom,479,105,107,86,electric,ghost
2,2,1,1,1,0.5,1,1,2,1,1,1,1,1,0.5,1,1,1,75,130,75,Uxie,480,75,130,95,psychic,
2,2,1,1,1,0.5,1,1,2,1,1,1,1,1,0.5,1,1,1,105,105,80,Mesprit,481,105,105,80,psychic,
2,2,1,1,1,0.5,1,1,2,1,1,1,1,1,0.5,1,1,1,125,70,75,Azelf,482,125,70,115,psychic,
0.5,1,1,0.5,1,2,1,0.5,1,0.25,2,1,0.5,0,0.5,0.5,0.5,0.5,120,120,100,Dialga,483,150,100,90,steel,dragon
1,1,2,1,2,1,0.25,1,1,1,1,1,1,1,1,1,0.5,0.25,120,100,90,Palkia,484,150,120,100,water,dragon
0.25,1,0.5,1,0.25,2,1,0.5,1,0.25,4,0.25,0.5,0,0.5,1,0.25,2,90,106,91,Heatran,485,130,106,77,fire,steel
1,1,1,1,1,2,1,1,0,1,1,1,1,1,1,1,1,1,160,110,110,Regigigas,486,80,110,100,normal,
0.5,2,2,0.5,2,0,0.5,1,2,0.5,1,2,0,0.5,1,1,1,0.5,120,100,150,Giratina,487,120,100,90,ghost,dragon
2,2,1,1,1,0.5,1,1,2,1,1,1,1,1,0.5,1,1,1,70,120,120,Cresselia,488,75,130,85,psychic,
1,1,1,2,1,1,0.5,1,1,2,1,0.5,1,1,1,1,0.5,0.5,80,80,80,Phione,489,80,80,80,water,
1,1,1,2,1,1,0.5,1,1,2,1,0.5,1,1,1,1,0.5,0.5,100,100,100,Manaphy,490,100,100,100,water,
2,0.5,1,1,2,2,1,1,0.5,1,1,1,1,1,0,1,1,1,90,90,70,Darkrai,491,135,90,125,dark,
2,1,1,0.5,1,1,2,2,1,0.5,0.5,2,1,2,1,1,1,0.5,103,75,100,Shaymin,492,120,75,127,grass,grass
1,1,1,1,1,2,1,1,0,1,1,1,1,1,1,1,1,1,120,120,120,Arceus,493,120,120,120,normal,
1,2,1,1,0.5,0.5,0.5,1,2,0.5,2,0.5,1,1,0.5,2,0.5,2,100,100,100,Victini,494,100,100,100,psychic,fire
2,1,1,0.5,1,1,2,2,1,0.5,0.5,2,1,2,1,1,1,0.5,45,55,45,Snivy,495,45,55,63,grass,
2,1,1,0.5,1,1,2,2,1,0.5,0.5,2,1,2,1,1,1,0.5,60,75,60,Servine,496,60,75,83,grass,
2,1,1,0.5,1,1,2,2,1,0.5,0.5,2,1,2,1,1,1,0.5,75,95,75,Serperior,497,75,95,113,grass,
0.5,1,1,1,0.5,1,0.5,1,1,0.5,2,0.5,1,1,1,2,0.5,2,63,45,65,Tepig,498,45,45,45,fire,
0.25,0.5,1,1,1,1,0.5,2,1,0.5,2,0.5,1,1,2,1,0.5,2,93,55,90,Pignite,499,70,55,55,fire,fighting
0.25,0.5,1,1,1,1,0.5,2,1,0.5,2,0.5,1,1,2,1,0.5,2,123,65,110,Emboar,500,100,65,65,fire,fighting
1,1,1,2,1,1,0.5,1,1,2,1,0.5,1,1,1,1,0.5,0.5,55,45,55,Oshawott,501,63,45,45,water,
1,1,1,2,1,1,0.5,1,1,2,1,0.5,1,1,1,1,0.5,0.5,75,60,75,Dewott,502,83,60,60,water,
1,1,1,2,1,1,0.5,1,1,2,1,0.5,1,1,1,1,0.5,0.5,100,85,95,Samurott,503,108,70,70,water,
1,1,1,1,1,2,1,1,0,1,1,1,1,1,1,1,1,1,55,39,45,Patrat,504,35,39,42,normal,
1,1,1,1,1,2,1,1,0,1,1,1,1,1,1,1,1,1,85,69,60,Watchog,505,60,69,77,normal,
1,1,1,1,1,2,1,1,0,1,1,1,1,1,1,1,1,1,60,45,45,Lillipup,506,25,45,55,normal,
1,1,1,1,1,2,1,1,0,1,1,1,1,1,1,1,1,1,80,65,65,Herdier,507,35,65,60,normal,
1,1,1,1,1,2,1,1,0,1,1,1,1,1,1,1,1,1,110,90,85,Stoutland,508,45,90,80,normal,
2,0.5,1,1,2,2,1,1,0.5,1,1,1,1,1,0,1,1,1,50,37,41,Purrloin,509,50,37,66,dark,
2,0.5,1,1,2,2,1,1,0.5,1,1,1,1,1,0,1,1,1,88,50,64,Liepard,510,88,50,106,dark,
2,1,1,0.5,1,1,2,2,1,0.5,0.5,2,1,2,1,1,1,0.5,53,48,50,Pansage,511,53,48,64,grass,
2,1,1,0.5,1,1,2,2,1,0.5,0.5,2,1,2,1,1,1,0.5,98,63,75,Simisage,512,98,63,101,grass,
0.5,1,1,1,0.5,1,0.5,1,1,0.5,2,0.5,1,1,1,2,0.5,2,53,48,50,Pansear,513,53,48,64,fire,
0.5,1,1,1,0.5,1,0.5,1,1,0.5,2,0.5,1,1,1,2,0.5,2,98,63,75,Simisear,514,98,63,101,fire,
1,1,1,2,1,1,0.5,1,1,2,1,0.5,1,1,1,1,0.5,0.5,53,48,50,Panpour,515,53,48,64,water,
1,1,1,2,1,1,0.5,1,1,2,1,0.5,1,1,1,1,0.5,0.5,98,63,75,Simipour,516,98,63,101,water,
2,2,1,1,1,0.5,1,1,2,1,1,1,1,1,0.5,1,1,1,25,45,76,Munna,517,67,55,24,psychic,
2,2,1,1,1,0.5,1,1,2,1,1,1,1,1,0.5,1,1,1,55,85,116,Musharna,518,107,95,29,psychic,
0.5,1,1,2,1,1,1,1,0,0.5,0,2,1,1,1,2,1,1,55,50,50,Pidove,519,36,30,43,normal,flying
0.5,1,1,2,1,1,1,1,0,0.5,0,2,1,1,1,2,1,1,77,62,62,Tranquill,520,50,42,65,normal,flying
0.5,1,1,2,1,1,1,1,0,0.5,0,2,1,1,1,2,1,1,115,80,80,Unfezant,521,65,55,93,normal,flying
1,1,1,0.5,1,1,1,0.5,1,1,2,1,1,1,1,1,0.5,1,60,32,45,Blitzle,522,50,32,76,electric,
1,1,1,0.5,1,1,1,0.5,1,1,2,1,1,1,1,1,0.5,1,100,63,75,Zebstrika,523,80,63,116,electric,
1,1,1,1,1,2,0.5,0.5,1,2,2,1,0.5,0.5,1,1,2,2,75,85,55,Roggenrola,524,25,25,15,rock,
1,1,1,1,1,2,0.5,0.5,1,2,2,1,0.5,0.5,1,1,2,2,105,105,70,Boldore,525,50,40,20,rock,
1,1,1,1,1,2,0.5,0.5,1,2,2,1,0.5,0.5,1,1,2,2,135,130,85,Gigalith,526,60,80,25,rock,
1,2,1,2,1,0.25,1,1,2,0.5,0,2,1,1,0.5,2,1,1,45,43,65,Woobat,527,55,43,72,psychic,flying
1,2,1,2,1,0.25,1,1,2,0.5,0,2,1,1,0.5,2,1,1,57,55,67,Swoobat,528,77,55,114,psychic,flying
1,1,1,0,1,1,1,1,1,2,1,2,1,0.5,1,0.5,1,2,85,40,60,Drilbur,529,30,45,68,ground,
0.5,1,0.5,0,0.5,2,2,0.5,1,1,2,1,0.5,0,0.5,0.25,0.5,2,135,60,110,Excadrill,530,50,65,88,ground,steel
1,1,1,1,1,2,1,1,0,1,1,1,1,1,1,1,1,1,60,126,103,Audino,531,80,126,50,normal,
0.5,0.5,1,1,2,1,1,2,1,1,1,1,1,1,2,0.5,1,1,80,55,75,Timburr,532,25,35,35,fighting,
0.5,0.5,1,1,2,1,1,2,1,1,1,1,1,1,2,0.5,1,1,105,85,85,Gurdurr,533,40,50,40,fighting,
0.5,0.5,1,1,2,1,1,2,1,1,1,1,1,1,2,0.5,1,1,140,95,105,Conkeldurr,534,55,65,45,fighting,
1,1,1,2,1,1,0.5,1,1,2,1,0.5,1,1,1,1,0.5,0.5,50,40,50,Tympole,535,50,40,64,water,
1,1,1,0,1,1,0.5,1,1,4,1,1,1,0.5,1,0.5,0.5,1,65,55,75,Palpitoad,536,65,55,69,water,ground
1,1,1,0,1,1,0.5,1,1,4,1,1,1,0.5,1,0.5,0.5,1,95,75,105,Seismitoad,537,85,75,74,water,ground
0.5,0.5,1,1,2,1,1,2,1,1,1,1,1,1,2,0.5,1,1,100,85,120,Throh,538,30,85,45,fighting,
0.5,0.5,1,1,2,1,1,2,1,1,1,1,1,1,2,0.5,1,1,125,75,75,Sawk,539,30,75,85,fighting,
2,1,1,0.5,1,0.5,4,4,1,0.25,0.25,2,1,2,1,2,1,0.5,53,70,45,Sewaddle,540,40,60,42,bug,grass
2,1,1,0.5,1,0.5,4,4,1,0.25,0.25,2,1,2,1,2,1,0.5,63,90,55,Swadloon,541,50,80,42,bug,grass
2,1,1,0.5,1,0.5,4,4,1,0.25,0.25,2,1,2,1,2,1,0.5,103,80,75,Leavanny,542,70,80,92,bug,grass
0.5,1,1,1,0.5,0.25,2,2,1,0.25,1,1,1,0.5,2,2,1,1,45,59,30,Venipede,543,30,39,57,bug,poison
0.5,1,1,1,0.5,0.25,2,2,1,0.25,1,1,1,0.5,2,2,1,1,55,99,40,Whirlipede,544,40,79,47,bug,poison
0.5,1,1,1,0.5,0.25,2,2,1,0.25,1,1,1,0.5,2,2,1,1,100,89,60,Scolipede,545,55,69,112,bug,poison
1,0.5,0,0.5,1,0.5,2,2,1,0.5,0.5,2,1,4,1,1,2,0.5,27,60,40,Cottonee,546,37,50,66,grass,fairy
1,0.5,0,0.5,1,0.5,2,2,1,0.5,0.5,2,1,4,1,1,2,0.5,67,85,60,Whimsicott,547,77,75,116,grass,fairy
2,1,1,0.5,1,1,2,2,1,0.5,0.5,2,1,2,1,1,1,0.5,35,50,45,Petilil,548,70,50,30,grass,
2,1,1,0.5,1,1,2,2,1,0.5,0.5,2,1,2,1,1,1,0.5,60,75,70,Lilligant,549,110,75,90,grass,
1,1,1,2,1,1,0.5,1,1,2,1,0.5,1,1,1,1,0.5,0.5,92,65,70,Basculin,550,80,55,98,water,
2,0.5,1,0,2,2,1,1,0.5,2,1,2,1,0.5,0,0.5,1,2,72,35,50,Sandile,551,35,35,65,ground,dark
2,0.5,1,0,2,2,1,1,0.5,2,1,2,1,0.5,0,0.5,1,2,82,45,60,Krokorok,552,45,45,74,ground,dark
2,0.5,1,0,2,2,1,1,0.5,2,1,2,1,0.5,0,0.5,1,2,117,80,95,Krookodile,553,65,70,92,ground,dark
0.5,1,1,1,0.5,1,0.5,1,1,0.5,2,0.5,1,1,1,2,0.5,2,90,45,70,Darumaka,554,15,45,50,fire,
0.5,1,1,1,0.5,1,0.5,1,1,0.5,2,0.5,1,1,1,2,0.5,2,30,105,105,Darmanitan,555,140,105,55,fire,fire
2,1,1,0.5,1,1,2,2,1,0.5,0.5,2,1,2,1,1,1,0.5,86,67,75,Maractus,556,106,67,60,grass,
1,1,1,1,1,1,1,1,1,1,1,1,0.5,0.5,1,2,2,2,65,85,50,Dwebble,557,35,35,55,bug,rock
1,1,1,1,1,1,1,1,1,1,1,1,0.5,0.5,1,2,2,2,105,125,70,Crustle,558,65,75,45,bug,rock
1,0.25,1,1,4,2,1,2,0.5,1,1,1,1,1,0,0.5,1,1,75,70,50,Scraggy,559,35,70,48,dark,fighting
1,0.25,1,1,4,2,1,2,0.5,1,1,1,1,1,0,0.5,1,1,90,115,65,Scrafty,560,45,115,58,dark,fighting
1,2,1,2,1,0.25,1,1,2,0.5,0,2,1,1,0.5,2,1,1,58,80,72,Sigilyph,561,103,80,97,psychic,flying
0.5,2,1,1,1,0,1,1,2,1,1,1,0,0.5,1,1,1,1,30,85,38,Yamask,562,55,65,30,ghost,
0.5,2,1,1,1,0,1,1,2,1,1,1,0,0.5,1,1,1,1,50,145,58,Cofagrigus,563,95,105,30,ghost,
1,1,1,2,1,2,0.25,0.5,1,4,2,0.5,0.5,0.5,1,1,1,1,78,103,54,Tirtouga,564,53,45,22,water,rock
1,1,1,2,1,2,0.25,0.5,1,4,2,0.5,0.5,0.5,1,1,1,1,108,133,74,Carracosta,565,83,65,32,water,rock
0.5,1,1,2,1,1,0.5,0.5,1,1,0,2,0.5,0.5,1,2,2,2,112,45,55,Archen,566,74,45,70,rock,flying
0.5,1,1,2,1,1,0.5,0.5,1,1,0,2,0.5,0.5,1,2,2,2,140,65,75,Archeops,567,112,65,110,rock,flying
0.5,1,1,1,0.5,0.5,1,1,1,0.5,2,1,1,0.5,2,1,1,1,50,62,50,Trubbish,568,40,62,65,poison,
0.5,1,1,1,0.5,0.5,1,1,1,0.5,2,1,1,0.5,2,1,1,1,95,82,80,Garbodor,569,60,82,75,poison,
2,0.5,1,1,2,2,1,1,0.5,1,1,1,1,1,0,1,1,1,65,40,40,Zorua,570,80,40,65,dark,
2,0.5,1,1,2,2,1,1,0.5,1,1,1,1,1,0,1,1,1,105,60,60,Zoroark,571,120,60,105,dark,
1,1,1,1,1,2,1,1,0,1,1,1,1,1,1,1,1,1,50,40,55,Minccino,572,40,40,75,normal,
1,1,1,1,1,2,1,1,0,1,1,1,1,1,1,1,1,1,95,60,75,Cinccino,573,65,60,115,normal,
2,2,1,1,1,0.5,1,1,2,1,1,1,1,1,0.5,1,1,1,30,50,45,Gothita,574,55,65,45,psychic,
2,2,1,1,1,0.5,1,1,2,1,1,1,1,1,0.5,1,1,1,45,70,60,Gothorita,575,75,85,55,psychic,
2,2,1,1,1,0.5,1,1,2,1,1,1,1,1,0.5,1,1,1,55,95,70,Gothitelle,576,95,110,65,psychic,
2,2,1,1,1,0.5,1,1,2,1,1,1,1,1,0.5,1,1,1,30,40,45,Solosis,577,105,50,20,psychic,
2,2,1,1,1,0.5,1,1,2,1,1,1,1,1,0.5,1,1,1,40,50,65,Duosion,578,125,60,30,psychic,
2,2,1,1,1,0.5,1,1,2,1,1,1,1,1,0.5,1,1,1,65,75,110,Reuniclus,579,125,85,30,psychic,
0.5,1,1,4,1,0.5,0.5,1,1,1,0,1,1,1,1,2,0.5,0.5,44,50,62,Ducklett,580,44,50,55,water,flying
0.5,1,1,4,1,0.5,0.5,1,1,1,0,1,1,1,1,2,0.5,0.5,87,63,75,Swanna,581,87,63,98,water,flying
1,1,1,1,1,2,2,1,1,1,1,0.5,1,1,1,2,2,1,50,50,36,Vanillite,582,65,60,44,ice,
1,1,1,1,1,2,2,1,1,1,1,0.5,1,1,1,2,2,1,65,65,51,Vanillish,583,80,75,59,ice,
1,1,1,1,1,2,2,1,1,1,1,0.5,1,1,1,2,2,1,95,85,71,Vanilluxe,584,110,95,79,ice,
2,1,1,0.5,1,2,2,2,0,0.5,0.5,2,1,2,1,1,1,0.5,60,50,60,Deerling,585,40,50,75,normal,grass
2,1,1,0.5,1,2,2,2,0,0.5,0.5,2,1,2,1,1,1,0.5,100,70,80,Sawsbuck,586,60,70,95,normal,grass
0.5,1,1,1,1,0.5,1,0.5,1,0.5,0,2,1,1,1,2,0.5,1,75,60,55,Emolga,587,75,60,103,electric,flying
1,1,1,1,1,0.5,2,2,1,0.5,0.5,1,1,1,1,2,1,1,75,45,50,Karrablast,588,40,45,60,bug,
0.5,1,0.5,1,0.5,1,4,1,1,0.25,1,0.5,0.5,0,0.5,1,0.5,1,135,105,70,Escavalier,589,60,105,20,bug,steel
1,1,1,0.5,0.5,0.5,2,2,1,0.25,1,2,1,1,2,1,1,0.5,55,45,69,Foongus,590,55,55,15,grass,poison
1,1,1,0.5,0.5,0.5,2,2,1,0.25,1,2,1,1,2,1,1,0.5,85,70,114,Amoonguss,591,85,80,30,grass,poison
0.5,2,1,2,1,0,0.5,1,2,2,1,0.5,0,0.5,1,1,0.5,0.5,40,50,55,Frillish,592,65,85,40,water,ghost
0.5,2,1,2,1,0,0.5,1,2,2,1,0.5,0,0.5,1,1,0.5,0.5,60,70,100,Jellicent,593,85,105,60,water,ghost
1,1,1,2,1,1,0.5,1,1,2,1,0.5,1,1,1,1,0.5,0.5,75,80,165,Alomomola,594,40,45,65,water,
1,1,1,0.5,1,0.5,2,1,1,0.5,1,1,1,1,1,2,0.5,1,47,50,50,Joltik,595,57,50,65,bug,electric
1,1,1,0.5,1,0.5,2,1,1,0.5,1,1,1,1,1,2,0.5,1,77,60,70,Galvantula,596,97,60,108,bug,electric
1,1,0.5,0.5,0.5,2,4,1,1,0.25,1,1,0.5,0,0.5,0.5,0.5,0.5,50,91,44,Ferroseed,597,24,86,10,grass,steel
1,1,0.5,0.5,0.5,2,4,1,1,0.25,1,1,0.5,0,0.5,0.5,0.5,0.5,94,131,74,Ferrothorn,598,54,116,20,grass,steel
0.5,1,0.5,1,0.5,2,2,0.5,1,0.5,2,0.5,0.5,0,0.5,0.5,0.5,1,55,70,40,Klink,599,45,60,30,steel,
0.5,1,0.5,1,0.5,2,2,0.5,1,0.5,2,0.5,0.5,0,0.5,0.5,0.5,1,80,95,60,Klang,600,70,85,50,steel,
0.5,1,0.5,1,0.5,2,2,0.5,1,0.5,2,0.5,0.5,0,0.5,0.5,0.5,1,100,115,60,Klinklang,601,70,85,90,steel,
1,1,1,0.5,1,1,1,0.5,1,1,2,1,1,1,1,1,0.5,1,55,40,35,Tynamo,602,45,40,60,electric,
1,1,1,0.5,1,1,1,0.5,1,1,2,1,1,1,1,1,0.5,1,85,70,65,Eelektrik,603,75,70,40,electric,
1,1,1,0.5,1,1,1,0.5,1,1,2,1,1,1,1,1,0.5,1,115,80,85,Eelektross,604,105,80,50,electric,
2,2,1,1,1,0.5,1,1,2,1,1,1,1,1,0.5,1,1,1,55,55,55,Elgyem,605,85,55,30,psychic,
2,2,1,1,1,0.5,1,1,2,1,1,1,1,1,0.5,1,1,1,75,75,75,Beheeyem,606,125,95,40,psychic,
0.25,2,1,1,0.5,0,0.5,1,2,0.5,2,0.5,0,0.5,1,2,0.5,2,30,55,50,Litwick,607,65,55,20,ghost,fire
0.25,2,1,1,0.5,0,0.5,1,2,0.5,2,0.5,0,0.5,1,2,0.5,2,40,60,60,Lampent,608,95,60,55,ghost,fire
0.25,2,1,1,0.5,0,0.5,1,2,0.5,2,0.5,0,0.5,1,2,0.5,2,55,90,60,Chandelure,609,145,90,80,ghost,fire
1,1,2,0.5,2,1,0.5,1,1,0.5,1,2,1,1,1,1,1,0.5,87,60,46,Axew,610,30,40,57,dragon,
1,1,2,0.5,2,1,0.5,1,1,0.5,1,2,1,1,1,1,1,0.5,117,70,66,Fraxure,611,40,50,67,dragon,
1,1,2,0.5,2,1,0.5,1,1,0.5,1,2,1,1,1,1,1,0.5,147,90,76,Haxorus,612,60,70,97,dragon,
1,1,1,1,1,2,2,1,1,1,1,0.5,1,1,1,2,2,1,70,40,55,Cubchoo,613,60,40,40,ice,
1,1,1,1,1,2,2,1,1,1,1,0.5,1,1,1,2,2,1,130,80,95,Beartic,614,70,80,50,ice,
1,1,1,1,1,2,2,1,1,1,1,0.5,1,1,1,2,2,1,50,50,80,Cryogonal,615,95,135,105,ice,
1,1,1,1,1,0.5,2,2,1,0.5,0.5,1,1,1,1,2,1,1,40,85,50,Shelmet,616,40,65,25,bug,
1,1,1,1,1,0.5,2,2,1,0.5,0.5,1,1,1,1,2,1,1,70,40,80,Accelgor,617,100,60,145,bug,
1,1,1,0,1,1,1,0.5,1,2,2,2,1,0.5,1,0.5,0.5,2,66,84,109,Stunfisk,618,81,99,32,ground,electric
0.5,0.5,1,1,2,1,1,2,1,1,1,1,1,1,2,0.5,1,1,85,50,45,Mienfoo,619,55,50,65,fighting,
0.5,0.5,1,1,2,1,1,2,1,1,1,1,1,1,2,0.5,1,1,125,60,65,Mienshao,620,95,60,105,fighting,
1,1,2,0.5,2,1,0.5,1,1,0.5,1,2,1,1,1,1,1,0.5,120,90,77,Druddigon,621,60,90,48,dragon,
0.5,2,1,0,1,0,1,1,2,2,1,2,0,0.25,1,0.5,1,2,74,50,59,Golett,622,35,50,35,ground,ghost
0.5,2,1,0,1,0,1,1,2,2,1,2,0,0.25,1,0.5,1,2,124,80,89,Golurk,623,55,80,55,ground,ghost
1,0.5,0.5,1,1,4,2,0.5,0.5,0.5,2,0.5,0.5,0,0,0.5,0.5,1,85,70,45,Pawniard,624,40,40,60,dark,steel
1,0.5,0.5,1,1,4,2,0.5,0.5,0.5,2,0.5,0.5,0,0,0.5,0.5,1,125,100,65,Bisharp,625,60,70,70,dark,steel
1,1,1,1,1,2,1,1,0,1,1,1,1,1,1,1,1,1,110,95,95,Bouffalant,626,40,95,55,normal,
0.5,1,1,2,1,1,1,1,0,0.5,0,2,1,1,1,2,1,1,83,50,70,Rufflet,627,37,50,60,normal,flying
0.5,1,1,2,1,1,1,1,0,0.5,0,2,1,1,1,2,1,1,123,75,100,Braviary,628,57,75,80,normal,flying
1,0.5,1,2,2,1,1,1,0.5,0.5,0,2,1,1,0,2,1,1,55,75,70,Vullaby,629,45,65,60,dark,flying
1,0.5,1,2,2,1,1,1,0.5,0.5,0,2,1,1,0,2,1,1,65,105,110,Mandibuzz,630,55,95,80,dark,flying
0.5,1,1,1,0.5,1,0.5,1,1,0.5,2,0.5,1,1,1,2,0.5,2,97,66,85,Heatmor,631,105,66,65,fire,
0.5,1,0.5,1,0.5,1,4,1,1,0.25,1,0.5,0.5,0,0.5,1,0.5,1,109,112,58,Durant,632,48,48,109,bug,steel
2,0.5,2,0.5,4,2,0.5,1,0.5,0.5,1,2,1,1,0,1,1,0.5,65,50,52,Deino,633,45,50,38,dark,dragon
2,0.5,2,0.5,4,2,0.5,1,0.5,0.5,1,2,1,1,0,1,1,0.5,85,70,72,Zweilous,634,65,70,58,dark,dragon
2,0.5,2,0.5,4,2,0.5,1,0.5,0.5,1,2,1,1,0,1,1,0.5,105,90,92,Hydreigon,635,125,90,98,dark,dragon
0.5,1,1,1,0.5,0.5,1,2,1,0.25,1,0.5,1,1,1,4,0.5,2,85,55,55,Larvesta,636,50,55,60,bug,fire
0.5,1,1,1,0.5,0.5,1,2,1,0.25,1,0.5,1,1,1,4,0.5,2,60,65,85,Volcarona,637,135,105,100,bug,fire
0.25,0.5,0.5,1,1,2,2,1,1,0.5,2,0.5,0.5,0,1,0.25,0.5,1,90,129,91,Cobalion,638,90,72,108,steel,fighting
0.5,0.5,1,1,2,2,0.5,1,1,2,2,1,0.5,0.5,2,0.5,2,2,129,90,91,Terrakion,639,72,90,108,rock,fighting
1,0.5,1,0.5,2,1,2,4,1,0.5,0.5,2,1,2,2,0.5,1,0.5,90,72,91,Virizion,640,90,129,108,grass,fighting
0.5,1,1,2,1,0.5,1,1,1,0.5,0,2,1,1,1,2,1,1,100,80,79,Tornadus,641,110,90,121,flying,
0.5,1,1,1,1,0.5,1,0.5,1,0.5,0,2,1,1,1,2,0.5,1,105,70,79,Thundurus,642,145,80,101,electric,flying
0.5,1,2,0.5,1,1,0.25,1,1,0.25,2,1,1,1,1,2,0.5,1,120,100,100,Reshiram,643,150,120,90,dragon,fire
1,1,2,0.25,2,1,0.5,0.5,1,0.5,2,2,1,1,1,1,0.5,0.5,150,120,100,Zekrom,644,120,100,90,dragon,electric
0.5,1,1,0,1,0.5,1,1,1,1,0,4,1,0.5,1,1,1,2,145,90,89,Landorus,645,105,80,91,ground,flying
1,1,2,0.5,2,2,1,1,1,0.5,1,1,1,1,1,2,2,0.5,120,90,125,Kyurem,646,170,100,95,dragon,ice
0.5,0.5,1,2,2,1,0.5,2,1,2,1,0.5,1,1,2,0.5,0.5,0.5,72,90,91,Keldeo,647,129,90,108,water,fighting
2,2,1,1,1,1,1,1,0,1,1,1,1,1,0.5,1,1,1,128,90,100,Meloetta,648,77,77,128,normal,psychic
0.5,1,0.5,1,0.5,1,4,1,1,0.25,1,0.5,0.5,0,0.5,1,0.5,1,120,95,71,Genesect,649,120,95,99,bug,steel
2,1,1,0.5,1,1,2,2,1,0.5,0.5,2,1,2,1,1,1,0.5,61,65,56,Chespin,650,48,45,38,grass,
2,1,1,0.5,1,1,2,2,1,0.5,0.5,2,1,2,1,1,1,0.5,78,95,61,Quilladin,651,56,58,57,grass,
1,0.5,1,0.5,2,1,2,4,1,0.5,0.5,2,1,2,2,0.5,1,0.5,107,122,88,Chesnaught,652,74,75,64,grass,fighting
0.5,1,1,1,0.5,1,0.5,1,1,0.5,2,0.5,1,1,1,2,0.5,2,45,40,40,Fennekin,653,62,60,60,fire,
0.5,1,1,1,0.5,1,0.5,1,1,0.5,2,0.5,1,1,1,2,0.5,2,59,58,59,Braixen,654,90,70,73,fire,
1,2,1,1,0.5,0.5,0.5,1,2,0.5,2,0.5,1,1,0.5,2,0.5,2,69,72,75,Delphox,655,114,100,104,fire,psychic
1,1,1,2,1,1,0.5,1,1,2,1,0.5,1,1,1,1,0.5,0.5,56,40,41,Froakie,656,62,44,71,water,
1,1,1,2,1,1,0.5,1,1,2,1,0.5,1,1,1,1,0.5,0.5,63,52,54,Frogadier,657,83,56,97,water,
2,0.5,1,2,2,2,0.5,1,0.5,2,1,0.5,1,1,0,1,0.5,0.5,145,67,72,Greninja,658,153,71,132,water,dark
1,1,1,1,1,2,1,1,0,1,1,1,1,1,1,1,1,1,36,38,38,Bunnelby,659,32,36,57,normal,
1,1,1,0,1,2,1,1,0,2,1,2,1,0.5,1,0.5,1,2,56,77,85,Diggersby,660,50,77,78,normal,ground
0.5,1,1,2,1,1,1,1,0,0.5,0,2,1,1,1,2,1,1,50,43,45,Fletchling,661,40,38,62,normal,flying
0.25,1,1,2,0.5,0.5,0.5,1,1,0.25,0,1,1,1,1,4,0.5,2,73,55,62,Fletchinder,662,56,52,84,fire,flying
0.25,1,1,2,0.5,0.5,0.5,1,1,0.25,0,1,1,1,1,4,0.5,2,81,71,78,Talonflame,663,74,69,126,fire,flying
1,1,1,1,1,0.5,2,2,1,0.5,0.5,1,1,1,1,2,1,1,35,40,38,Scatterbug,664,27,25,35,bug,
1,1,1,1,1,0.5,2,2,1,0.5,0.5,1,1,1,1,2,1,1,22,60,45,Spewpa,665,27,30,29,bug,
0.5,1,1,2,1,0.25,2,2,1,0.25,0,2,1,1,1,4,1,1,52,50,80,Vivillon,666,90,50,89,bug,flying
0.5,1,1,1,0.5,2,0.5,1,0,0.5,2,0.5,1,1,1,2,0.5,2,50,58,62,Litleo,667,73,54,72,fire,normal
0.5,1,1,1,0.5,2,0.5,1,0,0.5,2,0.5,1,1,1,2,0.5,2,68,72,86,Pyroar,668,109,66,106,fire,normal
0.5,0.5,0,1,1,0.5,1,1,1,1,1,1,1,2,1,1,2,1,38,39,44,Flabébé,669,61,79,42,fairy,
0.5,0.5,0,1,1,0.5,1,1,1,1,1,1,1,2,1,1,2,1,65,67,74,Floette,670,125,128,92,fairy,
0.5,0.5,0,1,1,0.5,1,1,1,1,1,1,1,2,1,1,2,1,65,68,78,Florges,671,112,154,75,fairy,
2,1,1,0.5,1,1,2,2,1,0.5,0.5,2,1,2,1,1,1,0.5,65,48,66,Skiddo,672,62,57,52,grass,
2,1,1,0.5,1,1,2,2,1,0.5,0.5,2,1,2,1,1,1,0.5,100,62,123,Gogoat,673,97,81,68,grass,
0.5,0.5,1,1,2,1,1,2,1,1,1,1,1,1,2,0.5,1,1,82,62,67,Pancham,674,46,48,43,fighting,
1,0.25,1,1,4,2,1,2,0.5,1,1,1,1,1,0,0.5,1,1,124,78,95,Pangoro,675,69,71,58,fighting,dark
1,1,1,1,1,2,1,1,0,1,1,1,1,1,1,1,1,1,80,60,75,Furfrou,676,65,90,102,normal,
2,2,1,1,1,0.5,1,1,2,1,1,1,1,1,0.5,1,1,1,48,54,62,Espurr,677,63,60,68,psychic,
2,2,1,1,1,0.5,1,1,2,1,1,1,1,1,0.5,1,1,1,48,76,74,Meowstic,678,83,81,104,psychic,
0.25,2,0.5,1,0.5,0,2,0.5,2,0.5,2,0.5,0,0,0.5,0.5,0.5,1,80,100,45,Honedge,679,35,37,28,steel,ghost
0.25,2,0.5,1,0.5,0,2,0.5,2,0.5,2,0.5,0,0,0.5,0.5,0.5,1,110,150,59,Doublade,680,45,49,35,steel,ghost
0.25,2,0.5,1,0.5,0,2,0.5,2,0.5,2,0.5,0,0,0.5,0.5,0.5,1,150,50,60,Aegislash,681,150,50,60,steel,ghost
0.5,0.5,0,1,1,0.5,1,1,1,1,1,1,1,2,1,1,2,1,52,60,78,Spritzee,682,63,65,23,fairy,
0.5,0.5,0,1,1,0.5,1,1,1,1,1,1,1,2,1,1,2,1,72,72,101,Aromatisse,683,99,89,29,fairy,
0.5,0.5,0,1,1,0.5,1,1,1,1,1,1,1,2,1,1,2,1,48,66,62,Swirlix,684,59,57,49,fairy,
0.5,0.5,0,1,1,0.5,1,1,1,1,1,1,1,2,1,1,2,1,80,86,82,Slurpuff,685,85,75,72,fairy,
4,1,1,1,2,1,1,1,1,1,1,1,1,1,0,1,1,1,54,53,53,Inkay,686,37,46,45,dark,psychic
4,1,1,1,2,1,1,1,1,1,1,1,1,1,0,1,1,1,92,88,86,Malamar,687,68,75,73,dark,psychic
1,1,1,2,1,2,0.25,0.5,1,4,2,0.5,0.5,0.5,1,1,1,1,52,67,42,Binacle,688,39,56,50,rock,water
1,1,1,2,1,2,0.25,0.5,1,4,2,0.5,0.5,0.5,1,1,1,1,105,115,72,Barbaracle,689,54,86,68,rock,water
0.5,1,1,2,0.5,0.5,0.5,1,1,1,2,0.5,1,0.5,2,1,0.5,0.5,60,60,50,Skrelp,690,60,60,30,poison,water
0.5,1,2,0.5,1,0.5,0.5,1,1,0.25,2,2,1,0.5,2,1,1,0.5,75,90,65,Dragalge,691,97,123,44,poison,dragon
1,1,1,2,1,1,0.5,1,1,2,1,0.5,1,1,1,1,0.5,0.5,53,62,50,Clauncher,692,58,63,44,water,
1,1,1,2,1,1,0.5,1,1,2,1,0.5,1,1,1,1,0.5,0.5,73,88,71,Clawitzer,693,120,89,59,water,
1,1,1,0.5,1,2,1,0.5,0,1,2,1,1,1,1,1,0.5,1,38,33,44,Helioptile,694,61,43,70,electric,normal
1,1,1,0.5,1,2,1,0.5,0,1,2,1,1,1,1,1,0.5,1,55,52,62,Heliolisk,695,109,94,109,electric,normal
1,1,2,0.5,2,2,0.25,0.5,1,1,2,2,0.5,0.5,1,1,2,1,89,77,58,Tyrunt,696,45,45,48,rock,dragon
1,1,2,0.5,2,2,0.25,0.5,1,1,2,2,0.5,0.5,1,1,2,1,121,119,82,Tyrantrum,697,69,59,71,rock,dragon
1,1,1,1,1,4,1,0.5,1,2,2,0.5,0.5,0.5,1,2,4,2,59,50,77,Amaura,698,67,63,46,rock,ice
1,1,1,1,1,4,1,0.5,1,2,2,0.5,0.5,0.5,1,2,4,2,77,72,123,Aurorus,699,99,92,58,rock,ice
0.5,0.5,0,1,1,0.5,1,1,1,1,1,1,1,2,1,1,2,1,65,65,95,Sylveon,700,110,130,60,fairy,
0.25,0.5,1,2,2,0.5,1,2,1,0.5,0,2,1,1,2,1,1,1,92,75,78,Hawlucha,701,74,63,118,fighting,flying
0.5,0.5,0,0.5,1,0.5,1,0.5,1,1,2,1,1,2,1,1,1,1,58,57,67,Dedenne,702,81,67,101,electric,fairy
0.5,0.5,0,1,1,1,0.5,0.5,1,2,2,1,0.5,1,1,1,4,2,50,150,50,Carbink,703,50,150,50,rock,fairy
1,1,2,0.5,2,1,0.5,1,1,0.5,1,2,1,1,1,1,1,0.5,50,35,45,Goomy,704,55,75,40,dragon,
1,1,2,0.5,2,1,0.5,1,1,0.5,1,2,1,1,1,1,1,0.5,75,53,68,Sliggoo,705,83,113,60,dragon,
1,1,2,0.5,2,1,0.5,1,1,0.5,1,2,1,1,1,1,1,0.5,100,70,90,Goodra,706,110,150,80,dragon,
0.25,0.5,0,1,0.5,1,2,0.5,1,0.5,2,0.5,0.5,0,0.5,0.5,1,1,80,91,57,Klefki,707,80,87,75,steel,fairy
1,2,1,0.5,1,0,2,2,2,0.5,0.5,2,0,1,1,1,1,0.5,70,48,43,Phantump,708,50,60,38,ghost,grass
1,2,1,0.5,1,0,2,2,2,0.5,0.5,2,0,1,1,1,1,0.5,110,76,85,Trevenant,709,65,82,56,ghost,grass
1,2,1,0.5,1,0,2,2,2,0.5,0.5,2,0,1,1,1,1,0.5,66,70,59,Pumpkaboo,710,44,55,41,ghost,grass
1,2,1,0.5,1,0,2,2,2,0.5,0.5,2,0,1,1,1,1,0.5,100,122,85,Gourgeist,711,58,75,54,ghost,grass
1,1,1,1,1,2,2,1,1,1,1,0.5,1,1,1,2,2,1,69,85,55,Bergmite,712,32,35,28,ice,
1,1,1,1,1,2,2,1,1,1,1,0.5,1,1,1,2,2,1,117,184,95,Avalugg,713,44,46,28,ice,
0.5,1,2,1,2,0.5,0.5,1,1,0.25,0,4,1,1,1,2,1,0.5,30,35,40,Noibat,714,45,40,55,flying,dragon
0.5,1,2,1,2,0.5,0.5,1,1,0.25,0,4,1,1,1,2,1,0.5,70,80,85,Noivern,715,97,80,123,flying,dragon
0.5,0.5,0,1,1,0.5,1,1,1,1,1,1,1,2,1,1,2,1,131,95,126,Xerneas,716,131,98,99,fairy,
1,0.5,1,2,2,1,1,1,0.5,0.5,0,2,1,1,0,2,1,1,131,95,126,Yveltal,717,131,98,99,dark,flying
1,1,2,0,2,1,0.5,1,1,1,1,4,1,0.5,1,0.5,1,1,100,121,216,Zygarde,718,91,95,85,dragon,ground
0.5,0.5,0,1,1,1,0.5,0.5,1,2,2,1,0.5,1,1,1,4,2,160,110,50,Diancie,719,160,110,110,rock,fairy
1,4,1,1,1,0,1,1,4,1,1,1,0,0.5,0.5,1,1,1,160,60,80,Hoopa,720,170,130,80,psychic,ghost
0.5,1,1,2,0.5,1,0.25,1,1,1,2,0.25,1,1,1,2,0.25,1,110,120,80,Volcanion,721,130,90,70,fire,water
1,1,1,1,1,0.5,2,2,1,0.25,0,4,1,2,1,2,1,0.5,55,55,68,Rowlet,722,50,50,42,grass,flying
1,1,1,1,1,0.5,2,2,1,0.25,0,4,1,2,1,2,1,0.5,75,75,78,Dartrix,723,70,70,52,grass,flying
1,2,1,0.5,1,0,2,2,2,0.5,0.5,2,0,1,1,1,1,0.5,107,75,78,Decidueye,724,100,100,70,grass,ghost
0.5,1,1,1,0.5,1,0.5,1,1,0.5,2,0.5,1,1,1,2,0.5,2,65,40,45,Litten,725,60,40,70,fire,
0.5,1,1,1,0.5,1,0.5,1,1,0.5,2,0.5,1,1,1,2,0.5,2,85,50,65,Torracat,726,80,50,90,fire,
1,0.5,1,1,1,2,0.5,1,0.5,0.5,2,0.5,1,1,0,2,0.5,2,115,90,95,Incineroar,727,80,90,60,fire,dark
1,1,1,2,1,1,0.5,1,1,2,1,0.5,1,1,1,1,0.5,0.5,54,54,50,Popplio,728,66,56,40,water,
1,1,1,2,1,1,0.5,1,1,2,1,0.5,1,1,1,1,0.5,0.5,69,69,60,Brionne,729,91,81,50,water,
0.5,0.5,0,2,1,0.5,0.5,1,1,2,1,0.5,1,2,1,1,1,0.5,74,74,80,Primarina,730,126,116,60,water,fairy
0.5,1,1,2,1,1,1,1,0,0.5,0,2,1,1,1,2,1,1,75,30,35,Pikipek,731,30,30,65,normal,flying
0.5,1,1,2,1,1,1,1,0,0.5,0,2,1,1,1,2,1,1,85,50,55,Trumbeak,732,40,50,75,normal,flying
0.5,1,1,2,1,1,1,1,0,0.5,0,2,1,1,1,2,1,1,120,75,80,Toucannon,733,75,75,60,normal,flying
1,1,1,1,1,2,1,1,0,1,1,1,1,1,1,1,1,1,70,30,48,Yungoos,734,30,30,45,normal,
1,1,1,1,1,2,1,1,0,1,1,1,1,1,1,1,1,1,110,60,88,Gumshoos,735,55,60,45,normal,
1,1,1,1,1,0.5,2,2,1,0.5,0.5,1,1,1,1,2,1,1,62,45,47,Grubbin,736,55,45,46,bug,
1,1,1,0.5,1,0.5,2,1,1,0.5,1,1,1,1,1,2,0.5,1,82,95,57,Charjabug,737,55,75,36,bug,electric
1,1,1,0.5,1,0.5,2,1,1,0.5,1,1,1,1,1,2,0.5,1,70,90,77,Vikavolt,738,145,75,43,bug,electric
0.5,0.5,1,1,2,1,1,2,1,1,1,1,1,1,2,0.5,1,1,82,57,47,Crabrawler,739,42,47,63,fighting,
0.5,0.5,1,1,2,2,2,2,1,1,1,0.5,1,1,2,1,2,1,132,77,97,Crabominable,740,62,67,43,fighting,ice
0.25,1,1,2,0.5,0.5,0.5,1,1,0.25,0,1,1,1,1,4,0.5,2,70,70,75,Oricorio,741,98,70,93,fire,flying
0.5,0.5,0,1,1,0.25,2,2,1,0.5,0.5,1,1,2,1,2,2,1,45,40,40,Cutiefly,742,55,40,84,bug,fairy
0.5,0.5,0,1,1,0.25,2,2,1,0.5,0.5,1,1,2,1,2,2,1,55,60,60,Ribombee,743,95,70,124,bug,fairy
1,1,1,1,1,2,0.5,0.5,1,2,2,1,0.5,0.5,1,1,2,2,65,40,45,Rockruff,744,30,40,60,rock,
1,1,1,1,1,2,0.5,0.5,1,2,2,1,0.5,0.5,1,1,2,2,115,75,85,Lycanroc,745,55,75,82,rock,
1,1,1,2,1,1,0.5,1,1,2,1,0.5,1,1,1,1,0.5,0.5,140,130,45,Wishiwashi,746,140,135,30,water,
0.5,1,1,2,0.5,0.5,0.5,1,1,1,2,0.5,1,0.5,2,1,0.5,0.5,53,62,50,Mareanie,747,43,52,45,poison,water
0.5,1,1,2,0.5,0.5,0.5,1,1,1,2,0.5,1,0.5,2,1,0.5,0.5,63,152,50,Toxapex,748,53,142,35,poison,water
1,1,1,0,1,1,1,1,1,2,1,2,1,0.5,1,0.5,1,2,100,70,70,Mudbray,749,45,55,45,ground,
1,1,1,0,1,1,1,1,1,2,1,2,1,0.5,1,0.5,1,2,125,100,100,Mudsdale,750,55,85,35,ground,
1,1,1,2,1,0.5,1,2,1,1,0.5,0.5,1,1,1,2,0.5,0.5,40,52,38,Dewpider,751,40,72,27,water,bug
1,1,1,2,1,0.5,1,2,1,1,0.5,0.5,1,1,1,2,0.5,0.5,70,92,68,Araquanid,752,50,132,42,water,bug
2,1,1,0.5,1,1,2,2,1,0.5,0.5,2,1,2,1,1,1,0.5,55,35,40,Fomantis,753,50,35,35,grass,
2,1,1,0.5,1,1,2,2,1,0.5,0.5,2,1,2,1,1,1,0.5,105,90,70,Lurantis,754,80,90,45,grass,
1,0.5,0,0.5,1,0.5,2,2,1,0.5,0.5,2,1,4,1,1,2,0.5,35,55,40,Morelull,755,65,75,15,grass,fairy
1,0.5,0,0.5,1,0.5,2,2,1,0.5,0.5,2,1,4,1,1,2,0.5,45,80,60,Shiinotic,756,90,100,30,grass,fairy
0.25,1,1,1,0.25,0.5,0.5,1,1,0.25,4,0.5,1,0.5,2,2,0.5,2,44,40,48,Salandit,757,71,40,77,poison,fire
0.25,1,1,1,0.25,0.5,0.5,1,1,0.25,4,0.5,1,0.5,2,2,0.5,2,64,60,68,Salazzle,758,111,60,117,poison,fire
0.5,0.5,1,1,2,2,1,2,0,1,1,1,1,1,2,0.5,1,1,75,50,70,Stufful,759,45,50,50,normal,fighting
0.5,0.5,1,1,2,2,1,2,0,1,1,1,1,1,2,0.5,1,1,125,80,120,Bewear,760,55,60,60,normal,fighting
2,1,1,0.5,1,1,2,2,1,0.5,0.5,2,1,2,1,1,1,0.5,30,38,42,Bounsweet,761,30,38,32,grass,
2,1,1,0.5,1,1,2,2,1,0.5,0.5,2,1,2,1,1,1,0.5,40,48,52,Steenee,762,40,48,62,grass,
2,1,1,0.5,1,1,2,2,1,0.5,0.5,2,1,2,1,1,1,0.5,120,98,72,Tsareena,763,50,98,72,grass,
0.5,0.5,0,1,1,0.5,1,1,1,1,1,1,1,2,1,1,2,1,52,90,51,Comfey,764,82,110,100,fairy,
2,2,1,1,1,1,1,1,0,1,1,1,1,1,0.5,1,1,1,60,80,90,Oranguru,765,90,110,60,normal,psychic
0.5,0.5,1,1,2,1,1,2,1,1,1,1,1,1,2,0.5,1,1,120,90,100,Passimian,766,40,60,80,fighting,
1,1,1,2,1,0.5,1,2,1,1,0.5,0.5,1,1,1,2,0.5,0.5,35,40,25,Wimpod,767,20,30,80,bug,water
1,1,1,2,1,0.5,1,2,1,1,0.5,0.5,1,1,1,2,0.5,0.5,125,140,75,Golisopod,768,60,90,40,bug,water
0.5,2,1,0,1,0,1,1,2,2,1,2,0,0.25,1,0.5,1,2,55,80,55,Sandygast,769,70,45,15,ghost,ground
0.5,2,1,0,1,0,1,1,2,2,1,2,0,0.25,1,0.5,1,2,75,110,85,Palossand,770,100,75,35,ghost,ground
1,1,1,2,1,1,0.5,1,1,2,1,0.5,1,1,1,1,0.5,0.5,60,130,55,Pyukumuku,771,30,130,5,water,
1,1,1,1,1,2,1,1,0,1,1,1,1,1,1,1,1,1,95,95,95,Type: Null,772,95,95,59,normal,
1,1,1,1,1,2,1,1,0,1,1,1,1,1,1,1,1,1,95,95,95,Silvally,773,95,95,95,normal,
0.5,1,1,2,1,1,0.5,0.5,1,1,0,2,0.5,0.5,1,2,2,2,100,60,60,Minior,774,100,60,120,rock,flying
1,1,1,1,1,2,1,1,0,1,1,1,1,1,1,1,1,1,115,65,65,Komala,775,75,95,65,normal,
0.5,1,2,0.5,1,1,0.25,1,1,0.25,2,1,1,1,1,2,0.5,1,78,135,60,Turtonator,776,91,85,36,fire,dragon
0.5,1,0.5,0.5,0.5,2,2,0.25,1,0.5,4,0.5,0.5,0,0.5,0.5,0.25,1,98,63,65,Togedemaru,777,40,73,96,electric,steel
0.25,1,0,1,1,0,1,1,2,1,1,1,0,1,1,1,2,1,90,80,55,Mimikyu,778,50,105,96,ghost,fairy
2,2,1,2,1,0.5,0.5,1,2,2,1,0.5,1,1,0.5,1,0.5,0.5,105,70,68,Bruxish,779,70,70,92,water,psychic
1,1,2,0.5,2,2,0.5,1,0,0.5,1,2,1,1,1,1,1,0.5,60,85,78,Drampa,780,135,91,36,normal,dragon
1,2,1,0.5,1,0,2,2,2,0.5,0.5,2,0,1,1,1,1,0.5,131,100,70,Dhelmise,781,86,90,40,ghost,grass
1,1,2,0.5,2,1,0.5,1,1,0.5,1,2,1,1,1,1,1,0.5,55,65,45,Jangmo-o,782,45,45,45,dragon,
0.5,0.5,2,0.5,4,1,0.5,2,1,0.5,1,2,1,1,2,0.5,1,0.5,75,90,55,Hakamo-o,783,65,70,65,dragon,fighting
0.5,0.5,2,0.5,4,1,0.5,2,1,0.5,1,2,1,1,2,0.5,1,0.5,110,125,75,Kommo-o,784,100,105,85,dragon,fighting
0.5,0.5,0,0.5,1,0.5,1,0.5,1,1,2,1,1,2,1,1,1,1,115,85,70,Tapu Koko,785,95,75,130,electric,fairy
1,1,0,1,1,0.25,1,1,2,1,1,1,1,2,0.5,1,2,1,85,75,70,Tapu Lele,786,130,115,95,psychic,fairy
1,0.5,0,0.5,1,0.5,2,2,1,0.5,0.5,2,1,4,1,1,2,0.5,130,115,70,Tapu Bulu,787,85,95,75,grass,fairy
0.5,0.5,0,2,1,0.5,0.5,1,1,2,1,0.5,1,2,1,1,1,0.5,75,115,70,Tapu Fini,788,95,130,85,water,fairy
2,2,1,1,1,0.5,1,1,2,1,1,1,1,1,0.5,1,1,1,29,31,43,Cosmog,789,29,31,37,psychic,
2,2,1,1,1,0.5,1,1,2,1,1,1,1,1,0.5,1,1,1,29,131,43,Cosmoem,790,29,131,37,psychic,
1,2,0.5,1,0.5,1,2,0.5,2,0.5,2,0.5,0.5,0,0.25,0.5,0.5,1,137,107,137,Solgaleo,791,113,89,97,psychic,steel
1,4,1,1,1,0,1,1,4,1,1,1,0,0.5,0.5,1,1,1,113,89,137,Lunala,792,137,107,97,psychic,ghost
0.5,1,1,1,0.5,1,0.5,0.5,1,1,4,1,0.5,0.25,2,1,2,2,53,47,109,Nihilego,793,127,131,103,rock,poison
0.5,0.5,1,1,2,0.5,2,4,1,0.5,0.5,1,1,1,2,1,1,1,139,139,107,Buzzwole,794,53,53,79,bug,fighting
0.5,0.5,1,1,2,0.5,2,4,1,0.5,0.5,1,1,1,2,1,1,1,137,37,71,Pheromosa,795,137,37,151,bug,fighting
1,1,1,0.5,1,1,1,0.5,1,1,2,1,1,1,1,1,0.5,1,89,71,83,Xurkitree,796,173,71,83,electric,
0.25,1,0.5,2,0.5,1,2,0.5,1,0.25,0,1,0.5,0,0.5,1,0.5,1,101,103,97,Celesteela,797,107,101,61,steel,flying
1,1,0.5,0.5,0.5,2,4,1,1,0.25,1,1,0.5,0,0.5,0.5,0.5,0.5,181,131,59,Kartana,798,59,31,109,grass,steel
2,0.5,2,0.5,4,2,0.5,1,0.5,0.5,1,2,1,1,0,1,1,0.5,101,53,223,Guzzlord,799,97,53,43,dark,dragon
2,2,1,1,1,0.5,1,1,2,1,1,1,1,1,0.5,1,1,1,107,101,97,Necrozma,800,127,89,79,psychic,
0.25,0.5,0,1,0.5,1,2,0.5,1,0.5,2,0.5,0.5,0,0.5,0.5,1,1,95,115,80,Magearna,801,130,115,65,steel,fairy
